template_hash,sample_from_gps_start,call,point_in_call,local_sample,max_bin_width,observed_cpu,direct_cpu_inputs,cpu_double,original_cpu,branch_cpu,jax_cpu_batched,jax_cuda_batched
-9148924729587974774,482619,41,0,482619,373479,34.28800582885742,34.29781723022461,34.29788015393894,34.28800582885742,34.28800582885742,34.297821044921875,34.29783630371094
-9148924729587974774,1550665,42,0,770377,373479,32.29454040527344,32.278846740722656,32.2788469311716,32.29454040527344,32.29454040527344,32.278846740722656,32.27888488769531
-9148924729587974774,1589493,42,1,809205,373479,31.004362106323242,30.999454498291016,30.999619633983,31.004362106323242,31.004362106323242,30.999448776245117,30.999465942382812
-9148924729587974774,2560643,43,0,1000067,373479,22.36757469177246,22.359729766845703,22.35967915189697,22.36757469177246,22.36757469177246,22.35972785949707,22.35975456237793
-9021971886188518348,781686,56,0,781686,372461,39.31205368041992,39.31806182861328,39.31777268881933,39.31205368041992,39.31205368041992,39.31806182861328,39.31806564331055
-9021971886188518348,2366329,57,0,805753,372461,32.35203170776367,32.3430290222168,32.34260576249096,32.35203170776367,32.35203170776367,32.34303665161133,32.343021392822266
-9021971886188518348,2709282,58,0,368418,372461,22.30550765991211,22.310768127441406,22.31069029938476,22.30550765991211,22.30550765991211,22.310758590698242,22.310758590698242
-8906768170690694529,343582,6,0,343582,369949,46.92314147949219,46.91569519042969,46.91570049396227,46.92314147949219,46.92314147949219,46.91569900512695,46.915714263916016
-8906768170690694529,564520,6,1,564520,369949,29.65398597717285,29.635679244995117,29.635263903100846,29.65398597717285,29.65398597717285,29.635669708251953,29.63568115234375
-8906768170690694529,1812379,7,0,251803,369949,27.227706909179688,27.247678756713867,27.24772610287689,27.227706909179688,27.227706909179688,27.247678756713867,27.247690200805664
-5143657302669703416,830802,27,0,830802,372502,33.587615966796875,33.59646224975586,33.5962871430184,33.587615966796875,33.587615966796875,33.59646224975586,33.596466064453125
-5143657302669703416,886498,27,1,886498,372502,35.90709686279297,35.92868423461914,35.92863815084235,35.90709686279297,35.90709686279297,35.92868423461914,35.92868423461914
-5143657302669703416,3325311,28,0,984447,372502,27.142276763916016,27.16338539123535,27.16373523732868,27.142276763916016,27.142276763916016,27.16338539123535,27.163408279418945
-5143657302669703416,3669932,29,0,556972,372502,33.03082275390625,33.02597427368164,33.025928543185266,33.03082275390625,33.03082275390625,33.02597427368164,33.02599334716797
-4919013833465406451,2760023,1,0,419159,372049,35.727386474609375,35.73298263549805,35.733063856296305,35.727386474609375,35.727386474609375,35.73297882080078,35.73298645019531
-4919013833465406451,3202039,1,1,861175,372049,25.1290225982666,25.140445709228516,25.140430679486602,25.1290225982666,25.1290225982666,25.140439987182617,25.140478134155273
-4919013833465406451,3330324,1,2,989460,372049,37.64288330078125,37.64408493041992,37.6445307626336,37.64288330078125,37.64288330078125,37.644081115722656,37.64409255981445
-4919013833465406451,3457581,2,0,344621,372049,40.9185905456543,40.92035675048828,40.92029871769877,40.9185905456543,40.9185905456543,40.92035675048828,40.920372009277344
-3218241979144544696,564518,12,1,564518,370255,33.39282989501953,33.38505554199219,33.38474070089529,33.39282989501953,33.39282989501953,33.38505172729492,33.38507080078125
-3218241979144544696,1086723,13,0,306435,370255,13.411221504211426,13.422171592712402,13.422306879735135,13.411221504211426,13.411221504211426,13.4221773147583,13.422175407409668
-3218241979144544696,1692470,13,2,912182,370255,23.205303192138672,23.197023391723633,23.197054079040136,23.205303192138672,23.205303192138672,23.197023391723633,23.197050094604492
-2237179565580568333,3083109,19,0,742245,370107,23.194387435913086,23.211496353149414,23.21111688672603,23.194387435913086,23.194387435913086,23.211496353149414,23.211503982543945
-2151034742373626119,1365249,30,0,584961,373334,23.20868682861328,23.205495834350586,23.205464611441926,23.20868682861328,23.20868682861328,23.205495834350586,23.205476760864258
-2151034742373626119,1992850,31,0,432274,373334,27.313364028930664,27.347286224365234,27.347313679624357,27.313364028930664,27.313364028930664,27.3472843170166,27.3472957611084
-2103963572210885324,1887108,3,0,326532,372689,13.889190673828125,13.884015083312988,13.883926611602869,13.889190673828125,13.889190673828125,13.88400936126709,13.884011268615723
-2102967040782749518,541320,25,0,541320,371289,35.46683883666992,35.47113037109375,35.4714575881155,35.46683883666992,35.46683883666992,35.47113037109375,35.47114181518555
-2102967040782749518,3664527,26,0,551567,371289,25.448200225830078,25.459192276000977,25.458955352253213,25.448200225830078,25.448200225830078,25.459192276000977,25.459224700927734
-1857149419622830028,3096201,20,0,755337,372954,23.48356819152832,23.482627868652344,23.482830263190984,23.48356819152832,23.48356819152832,23.482622146606445,23.482656478881836
-1524551278158856831,1845655,62,0,285079,376833,40.741641998291016,40.70888900756836,40.708979284200005,40.741641998291016,40.741641998291016,40.70888900756836,40.7088737487793
-1524551278158856831,2070000,62,1,509424,376833,37.35031509399414,37.355655670166016,37.35584328130705,37.35031509399414,37.35031509399414,37.35566329956055,37.35567092895508
-1524551278158856831,3323876,63,0,983012,376833,36.33028793334961,36.33729553222656,36.337664548377894,36.33028793334961,36.33028793334961,36.33729934692383,36.33734130859375
37811881017014065,457288,9,0,457288,374099,22.10334014892578,22.1379451751709,22.137959478871416,22.10334014892578,22.10334014892578,22.137943267822266,22.137975692749023
37811881017014065,1047524,10,0,267236,374099,20.192705154418945,20.196264266967773,20.196054745941495,20.192705154418945,20.192705154418945,20.19626235961914,20.196292877197266
37811881017014065,1234977,10,1,454689,374099,30.536598205566406,30.514678955078125,30.51484325753493,30.536598205566406,30.536598205566406,30.51467514038086,30.514686584472656
37811881017014065,2202856,11,0,642280,374099,20.543331146240234,20.55238914489746,20.552586279827267,20.543331146240234,20.543331146240234,20.552387237548828,20.552396774291992
615958169596108657,617451,66,0,617451,371112,45.80295944213867,45.77964782714844,45.77984881482569,45.80295944213867,45.80295944213867,45.779640197753906,45.77967834472656
615958169596108657,711143,66,1,711143,371112,39.500030517578125,39.51030349731445,39.51043035089935,39.500030517578125,39.500030517578125,39.51030349731445,39.51035690307617
615958169596108657,3356071,67,0,243111,371112,31.05640411376953,31.081941604614258,31.081937079994564,31.05640411376953,31.05640411376953,31.081945419311523,31.081979751586914
760965857927828048,626961,15,0,626961,372009,36.4630012512207,36.44373321533203,36.44401705244324,36.4630012512207,36.4630012512207,36.443729400634766,36.44373321533203
760965857927828048,1857794,16,0,297218,372009,31.878570556640625,31.903520584106445,31.903432386393213,31.878570556640625,31.878570556640625,31.903520584106445,31.903533935546875
760965857927828048,2899804,17,0,558940,372009,38.22797393798828,38.19084548950195,38.1905970371223,38.22797393798828,38.22797393798828,38.190853118896484,38.190879821777344
2357302163257848109,1086962,4,0,306674,373308,24.226299285888672,24.247068405151367,24.24709983265025,24.226299285888672,24.226299285888672,24.247068405151367,24.2470760345459
2357302163257848109,2825818,5,0,484954,373308,33.31629943847656,33.3259391784668,33.325883465310866,33.31629943847656,33.31629943847656,33.32595443725586,33.325950622558594
2357302163257848109,2960752,5,1,619888,373308,36.28294372558594,36.33709716796875,36.337011838727726,36.28294372558594,36.28294372558594,36.33709716796875,36.33710479736328
2401921633722077945,238084,32,0,238084,375465,28.56255340576172,28.571935653686523,28.57189313698351,28.56255340576172,28.56255340576172,28.571924209594727,28.571916580200195
2401921633722077945,425710,32,1,425710,375465,25.87529945373535,25.887182235717773,25.88699043363105,25.87529945373535,25.87529945373535,25.887165069580078,25.887203216552734
2401921633722077945,1891805,33,0,331229,375465,28.985126495361328,28.961273193359375,28.961359440902335,28.985126495361328,28.985126495361328,28.961267471313477,28.961280822753906
2401921633722077945,2393053,33,1,832477,375465,23.451234817504883,23.416688919067383,23.416832101176407,23.451234817504883,23.451234817504883,23.41667938232422,23.41669464111328
2401921633722077945,2797492,34,0,456628,375465,30.63452911376953,30.628358840942383,30.628408225097665,30.63452911376953,30.63452911376953,30.628355026245117,30.628366470336914
2626452224578666627,1219264,45,0,438976,377494,43.263973236083984,43.255332946777344,43.25529907614209,43.263973236083984,43.263973236083984,43.25532913208008,43.255374908447266
2626452224578666627,1623646,45,1,843358,377494,32.206459045410156,32.23146057128906,32.23079632677537,32.206459045410156,32.206459045410156,32.23145294189453,32.23149871826172
2626452224578666627,3112304,46,0,771440,377494,36.3509407043457,36.32842254638672,36.32856977814545,36.3509407043457,36.3509407043457,36.32842254638672,36.32843780517578
2735949431105606605,2416160,35,0,855584,376635,35.144142150878906,35.139522552490234,35.139984813744704,35.144142150878906,35.144142150878906,35.1395263671875,35.1395378112793
3441652710154813180,1925019,53,0,364443,389831,28.06073760986328,28.065385818481445,28.065359628753246,28.06073760986328,28.06073760986328,28.065385818481445,28.065391540527344
3441652710154813180,2328651,53,1,768075,389831,32.794612884521484,32.806522369384766,32.80654338534857,32.794612884521484,32.794612884521484,32.806522369384766,32.806522369384766
3441652710154813180,2914671,54,0,573807,389831,28.935209274291992,28.935165405273438,28.935033850207876,28.935209274291992,28.935209274291992,28.93517303466797,28.935178756713867
3441652710154813180,3673242,55,0,560282,389831,35.83517837524414,35.828765869140625,35.82857039189156,35.83517837524414,35.83517837524414,35.828765869140625,35.828773498535156
4228166803784368266,595058,59,0,595058,396226,35.06706619262695,35.0725212097168,35.07227238176413,35.06706619262695,35.06706619262695,35.07251739501953,35.072532653808594
4228166803784368266,815544,59,1,815544,396226,37.8193244934082,37.826908111572266,37.82698340696033,37.8193244934082,37.8193244934082,37.82691192626953,37.826927185058594
4228166803784368266,1355854,60,0,575566,396226,31.47511863708496,31.504268646240234,31.504228767597805,31.47511863708496,31.47511863708496,31.504268646240234,31.504291534423828
4228166803784368266,2758540,61,0,417676,396226,29.356246948242188,29.36297607421875,29.3629863286159,29.356246948242188,29.356246948242188,29.362974166870117,29.362987518310547
4786683966647376576,637461,21,0,637461,376380,31.889589309692383,31.874351501464844,31.87447562074771,31.889589309692383,31.889589309692383,31.874351501464844,31.87436294555664
4786683966647376576,1778964,22,1,998676,376380,23.283769607543945,23.27928924560547,23.279282064144176,23.283769607543945,23.283769607543945,23.27928352355957,23.2792911529541
4786683966647376576,2107461,23,0,546885,376380,31.522655487060547,31.492385864257812,31.492247469454263,31.522655487060547,31.522655487060547,31.492395401000977,31.492403030395508
4786683966647376576,2434077,23,1,873501,376380,36.98326110839844,36.996742248535156,36.99637586605363,36.98326110839844,36.98326110839844,36.99674987792969,36.99674606323242
4786683966647376576,3312221,24,0,971357,376380,40.60462951660156,40.61748504638672,40.617535328354336,40.60462951660156,40.60462951660156,40.61748504638672,40.61750411987305
5415754406052258665,2218017,8,0,657441,371720,29.51900863647461,29.51414680480957,29.51407745583685,29.51900863647461,29.51900863647461,29.51413917541504,29.51414680480957
6634742795669416155,654068,47,0,654068,394557,27.715267181396484,27.725784301757812,27.725949016540163,27.715267181396484,27.715267181396484,27.725784301757812,27.725818634033203
6634742795669416155,2677968,49,0,337104,394557,34.65983581542969,34.674320220947266,34.67432545658631,34.65983581542969,34.65983581542969,34.67431640625,34.6743278503418
6634742795669416155,3673228,50,0,560268,394557,36.042205810546875,36.04308319091797,36.04324559549594,36.042205810546875,36.042205810546875,36.04308319091797,36.04310607910156
6739289091516487957,569943,44,0,569943,370556,29.831573486328125,29.84143829345703,29.841426449730093,29.831573486328125,29.831573486328125,29.841440200805664,29.84145736694336
7522625665406763311,590384,36,0,590384,377897,33.50901794433594,33.51503372192383,33.51501245550288,33.50901794433594,33.50901794433594,33.51502990722656,33.5150260925293
8310026711724721334,414643,37,0,414643,371539,26.7073917388916,26.684579849243164,26.68476581669791,26.7073917388916,26.7073917388916,26.684581756591797,26.68459701538086
8310026711724721334,1240779,38,1,460491,371539,28.655481338500977,28.61855697631836,28.618859234461308,28.655481338500977,28.655481338500977,28.618555068969727,28.618558883666992
8310026711724721334,1866196,39,0,305620,371539,24.446407318115234,24.465030670166016,24.46500805131393,24.446407318115234,24.446407318115234,24.46503257751465,24.46501350402832
8310026711724721334,2271829,39,1,711253,371539,30.774009704589844,30.76239013671875,30.762524091561048,30.774009704589844,30.774009704589844,30.76239585876465,30.762418746948242
8310026711724721334,3411960,40,0,299000,371539,35.1851921081543,35.11855697631836,35.118699306887734,35.1851921081543,35.1851921081543,35.118560791015625,35.11855697631836
