case,scheme,mode,event,symbol,shared_object,self_event_percent,samples,event_period,extra_columns,classification
reference-precision5-cpu-l512-perf,cpu:1,perf,cycles:u,[.] Frz_inflate_fast,libframel-9cd69e87.so.8.43.1,14.32,876,11106064383,"{""IPC"":""-"",""[IPC Coverage]"":""-""}",unassigned native symbol; no unique pipeline attribution
reference-precision5-cpu-l512-perf,cpu:1,perf,cycles:u,[.] mkl_dft_def_owns_cRadix4Inv_32fc,libmkl_def.so,9.51,562,7377822917,"{""IPC"":""-"",""[IPC Coverage]"":""-""}",FFT symbol (symbol-name evidence)
reference-precision5-cpu-l512-perf,cpu:1,perf,cycles:u,"[.] __pyx_fuse_1_0__pyx_pw_5pycbc_6vetoes_9chisq_cpu_25point_chisq_code(_object*, _object*, _object*)",chisq_cpu.cpython-311-x86_64-linux-gnu.so,6.61,401,5128195474,"{""IPC"":""-"",""[IPC Coverage]"":""-""}",unassigned native symbol; no unique pipeline attribution
reference-precision5-cpu-l512-perf,cpu:1,perf,cycles:u,[.] mkl_dft_def_owns_cFftInv_Fact8_32fc,libmkl_def.so,4.61,270,3577680083,"{""IPC"":""-"",""[IPC Coverage]"":""-""}",FFT symbol (symbol-name evidence)
reference-precision5-cpu-l512-perf,cpu:1,perf,cycles:u,[.] mkl_serv_libm_sincospif,libmkl_core.so,4.29,289,3325101315,"{""IPC"":""-"",""[IPC Coverage]"":""-""}",unassigned native symbol; no unique pipeline attribution
reference-precision5-cpu-l512-perf,cpu:1,perf,cycles:u,[.] mkl_dft_def_owns_cFft_BlkMerge_32fc,libmkl_def.so,4.28,254,3320020374,"{""IPC"":""-"",""[IPC Coverage]"":""-""}",FFT symbol (symbol-name evidence)
reference-precision5-cpu-l512-perf,cpu:1,perf,cycles:u,[.] mkl_serv_libm_sincospi,libmkl_core.so,4.22,256,3275562784,"{""IPC"":""-"",""[IPC Coverage]"":""-""}",unassigned native symbol; no unique pipeline attribution
reference-precision5-cpu-l512-perf,cpu:1,perf,cycles:u,[.] mkl_dft_def_owns_cFft_BlkSplit_32fc,libmkl_def.so,4.19,248,3253222106,"{""IPC"":""-"",""[IPC Coverage]"":""-""}",FFT symbol (symbol-name evidence)
reference-precision5-cpu-l512-perf,cpu:1,perf,cycles:u,[.] FrCksumGnu,libframel-9cd69e87.so.8.43.1,3.71,222,2874400300,"{""IPC"":""-"",""[IPC Coverage]"":""-""}",unassigned native symbol; no unique pipeline attribution
reference-precision5-cpu-l512-perf,cpu:1,perf,cycles:u,"[.] _max_simple(float*, float*, float*, long*, long, long)",simd_threshold_cython.cpython-311-x86_64-linux-gnu.so,2.52,147,1953539770,"{""IPC"":""-"",""[IPC Coverage]"":""-""}",unassigned native symbol; no unique pipeline attribution
reference-precision5-cpu-l512-perf,cpu:1,perf,cycles:u,[.] _PyEval_EvalFrameDefault,python3.11,2.01,147,1556658739,"{""IPC"":""-"",""[IPC Coverage]"":""-""}",unassigned native symbol; no unique pipeline attribution
reference-precision5-cpu-l512-perf,cpu:1,perf,cycles:u,"[.] __pyx_pf_5pycbc_6filter_17matchedfilter_cpu_12_correlate(_object*, __Pyx_memviewslice, __Pyx_memviewslice, __Pyx_memviewslice) [clone ._omp_fn.0]",matchedfilter_cpu.cpython-311-x86_64-linux-gnu.so,1.98,118,1538123220,"{""IPC"":""-"",""[IPC Coverage]"":""-""}",correlation symbol (symbol-name evidence)
reference-precision5-cpu-l512-perf,cpu:1,perf,cycles:u,[.] mkl_dft_def_owns_cFftInv_Fact4_32fc,libmkl_def.so,1.61,94,1248687424,"{""IPC"":""-"",""[IPC Coverage]"":""-""}",FFT symbol (symbol-name evidence)
reference-precision5-cpu-l512-perf,cpu:1,perf,cycles:u,[.] Frz_adler32,libframel-9cd69e87.so.8.43.1,1.6,98,1244452106,"{""IPC"":""-"",""[IPC Coverage]"":""-""}",unassigned native symbol; no unique pipeline attribution
reference-precision5-cpu-l512-perf,cpu:1,perf,cycles:u,[.] mkl_serv_libm_cos,libmkl_core.so,1.55,91,1199448261,"{""IPC"":""-"",""[IPC Coverage]"":""-""}",unassigned native symbol; no unique pipeline attribution
reference-precision5-cpu-l512-perf,cpu:1,perf,cycles:u,[.] mkl_serv_libm_sin,libmkl_core.so,1.48,102,1147810041,"{""IPC"":""-"",""[IPC Coverage]"":""-""}",unassigned native symbol; no unique pipeline attribution
reference-precision5-cpu-l512-perf,cpu:1,perf,cycles:u,"[.] void _decomp_main_loop<float, std::complex<float> >(int, std::complex<float>*, double, long, long, float*, float*, float*, long, long)",decompress_cpu_cython.cpython-311-x86_64-linux-gnu.so,1.36,80,1052559126,"{""IPC"":""-"",""[IPC Coverage]"":""-""}",unassigned native symbol; no unique pipeline attribution
reference-precision5-cpu-l512-perf,cpu:1,perf,cycles:u,[.] DOUBLE_add_FMA3__AVX2,_multiarray_umath.cpython-311-x86_64-linux-gnu.so,1.21,75,935604418,"{""IPC"":""-"",""[IPC Coverage]"":""-""}",unassigned native symbol; no unique pipeline attribution
reference-precision5-cpu-l512-perf,cpu:1,perf,cycles:u,[.] mkl_dft_def_owns_cBitRev1_Blk,libmkl_def.so,1.19,71,921174218,"{""IPC"":""-"",""[IPC Coverage]"":""-""}",FFT symbol (symbol-name evidence)
reference-precision5-cpu-l512-perf,cpu:1,perf,cycles:u,[.] gc_collect_main,python3.11,0.88,52,681323521,"{""IPC"":""-"",""[IPC Coverage]"":""-""}",unassigned native symbol; no unique pipeline attribution
reference-precision5-cpu-l512-perf,cpu:1,perf,cycles:u,[.] XLALIIRFilterREAL4Vector,liblal-8f7cb511.so.20.3.2,0.7,43,543037010,"{""IPC"":""-"",""[IPC Coverage]"":""-""}",unassigned native symbol; no unique pipeline attribution
reference-precision5-cpu-l512-perf,cpu:1,perf,cycles:u,[.] _Py_dict_lookup,python3.11,0.62,45,481310633,"{""IPC"":""-"",""[IPC Coverage]"":""-""}",unassigned native symbol; no unique pipeline attribution
reference-precision5-cpu-l512-perf,cpu:1,perf,cycles:u,[.] XLALIIRFilterReverseREAL4Vector,liblal-8f7cb511.so.20.3.2,0.6,35,467177997,"{""IPC"":""-"",""[IPC Coverage]"":""-""}",unassigned native symbol; no unique pipeline attribution
reference-precision5-cpu-l512-perf,cpu:1,perf,cycles:u,[.] XLALIIRFilterREAL8Vector,liblal-8f7cb511.so.20.3.2,0.59,36,455232102,"{""IPC"":""-"",""[IPC Coverage]"":""-""}",unassigned native symbol; no unique pipeline attribution
reference-precision5-cpu-l512-perf,cpu:1,perf,cycles:u,[.] XLALIIRFilterReverseREAL8Vector,liblal-8f7cb511.so.20.3.2,0.53,31,414462048,"{""IPC"":""-"",""[IPC Coverage]"":""-""}",unassigned native symbol; no unique pipeline attribution
reference-precision5-cpu-l512-perf,cpu:1,perf,cycles:u,[.] _aligned_strided_to_contig_size8,_multiarray_umath.cpython-311-x86_64-linux-gnu.so,0.5,30,390354392,"{""IPC"":""-"",""[IPC Coverage]"":""-""}",unassigned native symbol; no unique pipeline attribution
reference-precision5-cpu-l512-perf,cpu:1,perf,cycles:u,[.] deduce_unreachable,python3.11,0.45,29,349300164,"{""IPC"":""-"",""[IPC Coverage]"":""-""}",unassigned native symbol; no unique pipeline attribution
reference-precision5-cpu-l512-perf,cpu:1,perf,cycles:u,"[.] int introselect_<npy::float_tag, false, float>(float*, long*, long, long, long*, long*) [clone .isra.0]",_multiarray_umath.cpython-311-x86_64-linux-gnu.so,0.43,26,332827877,"{""IPC"":""-"",""[IPC Coverage]"":""-""}",unassigned native symbol; no unique pipeline attribution
reference-precision5-cpu-l512-perf,cpu:1,perf,cycles:u,"[.] int introselect_<npy::double_tag, false, double>(double*, long*, long, long, long*, long*) [clone .isra.0]",_multiarray_umath.cpython-311-x86_64-linux-gnu.so,0.41,25,321305778,"{""IPC"":""-"",""[IPC Coverage]"":""-""}",unassigned native symbol; no unique pipeline attribution
reference-precision5-cpu-l512-perf,cpu:1,perf,cycles:u,[.] visit_reachable,python3.11,0.41,25,320662073,"{""IPC"":""-"",""[IPC Coverage]"":""-""}",unassigned native symbol; no unique pipeline attribution
reference-precision5-cpu-l512-perf,cpu:1,perf,cycles:u,[.] _strided_to_contig_size8,_multiarray_umath.cpython-311-x86_64-linux-gnu.so,0.41,24,316755052,"{""IPC"":""-"",""[IPC Coverage]"":""-""}",unassigned native symbol; no unique pipeline attribution
reference-precision5-cpu-l512-perf,cpu:1,perf,cycles:u,[.] FLOAT_square_SSE41,_multiarray_umath.cpython-311-x86_64-linux-gnu.so,0.4,24,312594328,"{""IPC"":""-"",""[IPC Coverage]"":""-""}",unassigned native symbol; no unique pipeline attribution
reference-precision5-cpu-l512-perf,cpu:1,perf,cycles:u,[.] handle_scalar,_multiarray_umath.cpython-311-x86_64-linux-gnu.so,0.39,24,301585976,"{""IPC"":""-"",""[IPC Coverage]"":""-""}",unassigned native symbol; no unique pipeline attribution
reference-precision5-cpu-l512-perf,cpu:1,perf,cycles:u,[.] __memmove_avx_unaligned_erms,libc.so.6,0.37,32,289094923,"{""IPC"":""-"",""[IPC Coverage]"":""-""}",unassigned native symbol; no unique pipeline attribution
reference-precision5-cpu-l512-perf,cpu:1,perf,cycles:u,[.] huft_build,libframel-9cd69e87.so.8.43.1,0.33,20,253631376,"{""IPC"":""-"",""[IPC Coverage]"":""-""}",unassigned native symbol; no unique pipeline attribution
reference-precision5-cpu-l512-perf,cpu:1,perf,cycles:u,[.] _aligned_contig_cast_float_to_double,_multiarray_umath.cpython-311-x86_64-linux-gnu.so,0.32,21,246773976,"{""IPC"":""-"",""[IPC Coverage]"":""-""}",unassigned native symbol; no unique pipeline attribution
reference-precision5-cpu-l512-perf,cpu:1,perf,cycles:u,[.] __csqrtf,libm.so.6,0.31,19,239723316,"{""IPC"":""-"",""[IPC Coverage]"":""-""}",unassigned native symbol; no unique pipeline attribution
reference-precision5-cpu-l512-perf,cpu:1,perf,cycles:u,[.] _aligned_contig_to_strided_size8,_multiarray_umath.cpython-311-x86_64-linux-gnu.so,0.31,18,237468525,"{""IPC"":""-"",""[IPC Coverage]"":""-""}",unassigned native symbol; no unique pipeline attribution
reference-precision5-cpu-l512-perf,cpu:1,perf,cycles:u,[.] FLOAT_multiply_FMA3__AVX2,_multiarray_umath.cpython-311-x86_64-linux-gnu.so,0.29,19,221107361,"{""IPC"":""-"",""[IPC Coverage]"":""-""}",unassigned native symbol; no unique pipeline attribution
reference-precision5-cpu-l512-perf,cpu:1,perf,cycles:u,[.] __powf_fma,libm.so.6,0.28,17,214751623,"{""IPC"":""-"",""[IPC Coverage]"":""-""}",unassigned native symbol; no unique pipeline attribution
reference-precision5-cpu-l512-perf,cpu:1,perf,cycles:u,[.] _PyObject_GenericGetAttrWithDict,python3.11,0.26,18,201363311,"{""IPC"":""-"",""[IPC Coverage]"":""-""}",unassigned native symbol; no unique pipeline attribution
reference-precision5-cpu-l512-perf,cpu:1,perf,cycles:u,[.] mkl_dft_def_owns_cRadix4FwdNorm_64fc,libmkl_def.so,0.26,15,200847844,"{""IPC"":""-"",""[IPC Coverage]"":""-""}",FFT symbol (symbol-name evidence)
reference-precision5-cpu-l512-perf,cpu:1,perf,cycles:u,[.] Frz_inflate_blocks,libframel-9cd69e87.so.8.43.1,0.24,15,189992501,"{""IPC"":""-"",""[IPC Coverage]"":""-""}",unassigned native symbol; no unique pipeline attribution
reference-precision5-cpu-l512-perf,cpu:1,perf,cycles:u,[.] object_dealloc,python3.11,0.23,20,180632731,"{""IPC"":""-"",""[IPC Coverage]"":""-""}",unassigned native symbol; no unique pipeline attribution
reference-precision5-cpu-l512-perf,cpu:1,perf,cycles:u,[.] dict_traverse,python3.11,0.23,14,177690363,"{""IPC"":""-"",""[IPC Coverage]"":""-""}",unassigned native symbol; no unique pipeline attribution
reference-precision5-cpu-l512-perf,cpu:1,perf,cycles:u,[.] _aligned_contig_to_strided_size4,_multiarray_umath.cpython-311-x86_64-linux-gnu.so,0.22,13,168492824,"{""IPC"":""-"",""[IPC Coverage]"":""-""}",unassigned native symbol; no unique pipeline attribution
reference-precision5-cpu-l512-perf,cpu:1,perf,cycles:u,[.] tupledealloc,python3.11,0.21,15,163943561,"{""IPC"":""-"",""[IPC Coverage]"":""-""}",unassigned native symbol; no unique pipeline attribution
reference-precision5-cpu-l512-perf,cpu:1,perf,cycles:u,[.] PyArray_Pack,_multiarray_umath.cpython-311-x86_64-linux-gnu.so,0.2,12,155220297,"{""IPC"":""-"",""[IPC Coverage]"":""-""}",unassigned native symbol; no unique pipeline attribution
reference-precision5-cpu-l512-perf,cpu:1,perf,cycles:u,[.] PyArray_AssignFromCache_Recursive,_multiarray_umath.cpython-311-x86_64-linux-gnu.so,0.2,12,154884353,"{""IPC"":""-"",""[IPC Coverage]"":""-""}",unassigned native symbol; no unique pipeline attribution
reference-precision5-cpu-l512-perf,cpu:1,perf,cycles:u,[.] mkl_dft_def_owns_initTabTwd_L1_32f,libmkl_def.so,0.2,12,153975516,"{""IPC"":""-"",""[IPC Coverage]"":""-""}",FFT symbol (symbol-name evidence)
reference-precision5-cpu-l512-perf,cpu:1,perf,cycles:u,[.] Frz_inflate_codes,libframel-9cd69e87.so.8.43.1,0.2,12,151835984,"{""IPC"":""-"",""[IPC Coverage]"":""-""}",unassigned native symbol; no unique pipeline attribution
reference-precision5-cpu-l512-perf,cpu:1,perf,cycles:u,[.] FLOAT_add_FMA3__AVX2,_multiarray_umath.cpython-311-x86_64-linux-gnu.so,0.19,11,145575502,"{""IPC"":""-"",""[IPC Coverage]"":""-""}",unassigned native symbol; no unique pipeline attribution
reference-precision5-cpu-l512-perf,cpu:1,perf,cycles:u,[.] __memmove_avx_unaligned,libc.so.6,0.17,11,134835621,"{""IPC"":""-"",""[IPC Coverage]"":""-""}",unassigned native symbol; no unique pipeline attribution
reference-precision5-cpu-l512-perf,cpu:1,perf,cycles:u,[.] _aligned_contig_cast_double_to_float,_multiarray_umath.cpython-311-x86_64-linux-gnu.so,0.17,13,132414868,"{""IPC"":""-"",""[IPC Coverage]"":""-""}",unassigned native symbol; no unique pipeline attribution
reference-precision5-cpu-l512-perf,cpu:1,perf,cycles:u,[.] mkl_dft_def_owns_cRadix4Fwd_32fc,libmkl_def.so,0.17,10,132111511,"{""IPC"":""-"",""[IPC Coverage]"":""-""}",FFT symbol (symbol-name evidence)
reference-precision5-cpu-l512-perf,cpu:1,perf,cycles:u,[.] compute_task_fwd,libmkl_def.so,0.17,10,130140743,"{""IPC"":""-"",""[IPC Coverage]"":""-""}",unassigned native symbol; no unique pipeline attribution
reference-precision5-cpu-l512-perf,cpu:1,perf,cycles:u,[k] 0xffffffff86400ba0,[unknown],0.15,13,118462478,"{""IPC"":""-"",""[IPC Coverage]"":""-""}",unassigned native symbol; no unique pipeline attribution
reference-precision5-cpu-l512-perf,cpu:1,perf,cycles:u,[.] type_getattro,python3.11,0.15,11,115710105,"{""IPC"":""-"",""[IPC Coverage]"":""-""}",unassigned native symbol; no unique pipeline attribution
reference-precision5-cpu-l512-perf,cpu:1,perf,cycles:u,[.] arr_interp,_multiarray_umath.cpython-311-x86_64-linux-gnu.so,0.15,10,114303237,"{""IPC"":""-"",""[IPC Coverage]"":""-""}",unassigned native symbol; no unique pipeline attribution
reference-precision5-cpu-l512-perf,cpu:1,perf,cycles:u,[.] npy_csqrtf,_multiarray_umath.cpython-311-x86_64-linux-gnu.so,0.15,9,112581276,"{""IPC"":""-"",""[IPC Coverage]"":""-""}",unassigned native symbol; no unique pipeline attribution
reference-precision5-cpu-l512-perf,cpu:1,perf,cycles:u,[.] initTabTwd_Step,libmkl_def.so,0.14,19,111483023,"{""IPC"":""-"",""[IPC Coverage]"":""-""}",unassigned native symbol; no unique pipeline attribution
reference-precision5-cpu-l512-perf,cpu:1,perf,cycles:u,[.] mkl_dft_def_owns_initTabTwdBase_32f,libmkl_def.so,0.14,9,111119721,"{""IPC"":""-"",""[IPC Coverage]"":""-""}",FFT symbol (symbol-name evidence)
reference-precision5-cpu-l512-perf,cpu:1,perf,cycles:u,[.] update_one_slot,python3.11,0.14,11,110533157,"{""IPC"":""-"",""[IPC Coverage]"":""-""}",unassigned native symbol; no unique pipeline attribution
reference-precision5-cpu-l512-perf,cpu:1,perf,cycles:u,[.] FLOAT_divide_FMA3__AVX2,_multiarray_umath.cpython-311-x86_64-linux-gnu.so,0.14,9,107844951,"{""IPC"":""-"",""[IPC Coverage]"":""-""}",unassigned native symbol; no unique pipeline attribution
reference-precision5-cpu-l512-perf,cpu:1,perf,cycles:u,[.] mkl_dft_def_owns_initTabTwd_L1_64f,libmkl_def.so,0.14,8,106892431,"{""IPC"":""-"",""[IPC Coverage]"":""-""}",FFT symbol (symbol-name evidence)
reference-precision5-cpu-l512-perf,cpu:1,perf,cycles:u,"[.] __pyx_fuse_0__pyx_pw_5pycbc_5types_9array_cpu_49inner_real(_object*, _object*, _object*)",array_cpu.cpython-311-x86_64-linux-gnu.so,0.14,8,105737132,"{""IPC"":""-"",""[IPC Coverage]"":""-""}",unassigned native symbol; no unique pipeline attribution
reference-precision5-cpu-l512-perf,cpu:1,perf,cycles:u,[.] PyArray_DiscoverDTypeAndShape_Recursive,_multiarray_umath.cpython-311-x86_64-linux-gnu.so,0.13,9,101558830,"{""IPC"":""-"",""[IPC Coverage]"":""-""}",unassigned native symbol; no unique pipeline attribution
reference-precision5-cpu-l512-perf,cpu:1,perf,cycles:u,[.] func_traverse,python3.11,0.13,8,99792487,"{""IPC"":""-"",""[IPC Coverage]"":""-""}",unassigned native symbol; no unique pipeline attribution
reference-precision5-cpu-l512-perf,cpu:1,perf,cycles:u,[.] unlink_chunk.isra.0,libc.so.6,0.12,8,95453104,"{""IPC"":""-"",""[IPC Coverage]"":""-""}",unassigned native symbol; no unique pipeline attribution
reference-precision5-cpu-l512-perf,cpu:1,perf,cycles:u,[.] assemble,python3.11,0.12,8,94464517,"{""IPC"":""-"",""[IPC Coverage]"":""-""}",unassigned native symbol; no unique pipeline attribution
reference-precision5-cpu-l512-perf,cpu:1,perf,cycles:u,[.] PyArray_PromoteTypes,_multiarray_umath.cpython-311-x86_64-linux-gnu.so,0.12,7,93394771,"{""IPC"":""-"",""[IPC Coverage]"":""-""}",unassigned native symbol; no unique pipeline attribution
reference-precision5-cpu-l512-perf,cpu:1,perf,cycles:u,[.] _aligned_strided_to_contig_size4,_multiarray_umath.cpython-311-x86_64-linux-gnu.so,0.12,7,92877852,"{""IPC"":""-"",""[IPC Coverage]"":""-""}",unassigned native symbol; no unique pipeline attribution
reference-precision5-cpu-l512-perf,cpu:1,perf,cycles:u,[.] sre_ucs1_match,python3.11,0.12,9,91621172,"{""IPC"":""-"",""[IPC Coverage]"":""-""}",unassigned native symbol; no unique pipeline attribution
reference-precision5-cpu-l512-perf,cpu:1,perf,cycles:u,[.] __memset_avx2_unaligned_erms,libc.so.6,0.12,7,91338895,"{""IPC"":""-"",""[IPC Coverage]"":""-""}",unassigned native symbol; no unique pipeline attribution
reference-precision5-cpu-l512-perf,cpu:1,perf,cycles:u,[.] subtype_traverse,python3.11,0.12,8,90938548,"{""IPC"":""-"",""[IPC Coverage]"":""-""}",unassigned native symbol; no unique pipeline attribution
reference-precision5-cpu-l512-perf,cpu:1,perf,cycles:u,[.] compute_task_fwd,libmkl_def.so,0.12,7,90829454,"{""IPC"":""-"",""[IPC Coverage]"":""-""}",unassigned native symbol; no unique pipeline attribution
reference-precision5-cpu-l512-perf,cpu:1,perf,cycles:u,[k] 0xffffffff861d9bb7,[unknown],0.12,17,90557576,"{""IPC"":""-"",""[IPC Coverage]"":""-""}",unassigned native symbol; no unique pipeline attribution
reference-precision5-cpu-l512-perf,cpu:1,perf,cycles:u,[.] do_lookup_x,ld-linux-x86-64.so.2,0.12,10,89895658,"{""IPC"":""-"",""[IPC Coverage]"":""-""}",unassigned native symbol; no unique pipeline attribution
reference-precision5-cpu-l512-perf,cpu:1,perf,cycles:u,[.] LONG_setitem,_multiarray_umath.cpython-311-x86_64-linux-gnu.so,0.11,7,88346237,"{""IPC"":""-"",""[IPC Coverage]"":""-""}",unassigned native symbol; no unique pipeline attribution
reference-precision5-cpu-l512-perf,cpu:1,perf,cycles:u,[.] mkl_dft_def_owns_cRadix4Fwd_64fc,libmkl_def.so,0.11,7,88088699,"{""IPC"":""-"",""[IPC Coverage]"":""-""}",FFT symbol (symbol-name evidence)
reference-precision5-cpu-l512-perf,cpu:1,perf,cycles:u,[.] _PyCode_New,python3.11,0.11,8,85135565,"{""IPC"":""-"",""[IPC Coverage]"":""-""}",unassigned native symbol; no unique pipeline attribution
reference-precision5-cpu-l512-perf,cpu:1,perf,cycles:u,[.] __memcmp_avx2_movbe,libc.so.6,0.11,8,83671870,"{""IPC"":""-"",""[IPC Coverage]"":""-""}",unassigned native symbol; no unique pipeline attribution
reference-precision5-cpu-l512-perf,cpu:1,perf,cycles:u,[.] _dl_find_dso_for_object,ld-linux-x86-64.so.2,0.1,6,78998854,"{""IPC"":""-"",""[IPC Coverage]"":""-""}",unassigned native symbol; no unique pipeline attribution
reference-precision5-cpu-l512-perf,cpu:1,perf,cycles:u,[.] PyObject_GetAttr,python3.11,0.1,7,78741925,"{""IPC"":""-"",""[IPC Coverage]"":""-""}",unassigned native symbol; no unique pipeline attribution
reference-precision5-cpu-l512-perf,cpu:1,perf,cycles:u,[.] PyNumber_Long,python3.11,0.1,6,78119233,"{""IPC"":""-"",""[IPC Coverage]"":""-""}",unassigned native symbol; no unique pipeline attribution
profile-precision5-torch-cpu-l512-perf,torch:cpu:1,perf,cycles:u,[.] 0x000000000002f774,libfftw3.so.3.6.10,9.27,1235,16440496480,"{""IPC"":""-"",""[IPC Coverage]"":""-""}",unassigned native symbol; no unique pipeline attribution
profile-precision5-torch-cpu-l512-perf,torch:cpu:1,perf,cycles:u,"[.] std::array<double, 4l> at::native::(anonymous namespace)::multi_row_sum<double, 4l, at::native::(anonymous namespace)::CastLoadPolicy<double, double> >(char const*, long, long, long)",libtorch_cpu.so,7.06,1043,12519156192,"{""IPC"":""-"",""[IPC Coverage]"":""-""}",unassigned native symbol; no unique pipeline attribution
profile-precision5-torch-cpu-l512-perf,torch:cpu:1,perf,cycles:u,[.] fftw_cpy2d,libfftw3.so.3.6.10,6.74,922,11957210753,"{""IPC"":""-"",""[IPC Coverage]"":""-""}",FFT symbol (symbol-name evidence)
profile-precision5-torch-cpu-l512-perf,torch:cpu:1,perf,cycles:u,[.] Frz_inflate_fast,libframel-9cd69e87.so.8.43.1,6.11,855,10842359280,"{""IPC"":""-"",""[IPC Coverage]"":""-""}",unassigned native symbol; no unique pipeline attribution
profile-precision5-torch-cpu-l512-perf,torch:cpu:1,perf,cycles:u,[.] fftw_cpy2d_pair,libfftw3.so.3.6.10,3.7,493,6559772624,"{""IPC"":""-"",""[IPC Coverage]"":""-""}",FFT symbol (symbol-name evidence)
profile-precision5-torch-cpu-l512-perf,torch:cpu:1,perf,cycles:u,"[.] __pyx_fuse_1_0__pyx_pw_5pycbc_6vetoes_9chisq_cpu_25point_chisq_code(_object*, _object*, _object*)",chisq_cpu.cpython-311-x86_64-linux-gnu.so,2.91,414,5165427681,"{""IPC"":""-"",""[IPC Coverage]"":""-""}",unassigned native symbol; no unique pipeline attribution
profile-precision5-torch-cpu-l512-perf,torch:cpu:1,perf,cycles:u,"[.] void c10::function_ref<void (char**, long const*, long, long)>::callback_fn<at::native::(anonymous namespace)::cascade_sum<false, double>(at::TensorIterator&)::{lambda(char**, long const*, long, long)#1}>(long, char**, long const*, long, long)",libtorch_cpu.so,2.7,399,4783096977,"{""IPC"":""-"",""[IPC Coverage]"":""-""}",unassigned native symbol; no unique pipeline attribution
profile-precision5-torch-cpu-l512-perf,torch:cpu:1,perf,cycles:u,"[.] void c10::function_ref<void (char**, long const*, long, long)>::callback_fn<at::TensorIteratorBase::loop_2d_from_1d<at::native::cpu_index_kernel<double, at::native::(anonymous namespace)::index_kernel(at::TensorIteratorBase&, c10::ArrayRef<long>, c10::ArrayRef<long>)::{lambda()#1}::operator()() const::{lambda()#6}::operator()() const::{lambda(char*, char*, long)#1}>(at::TensorIteratorBase&, c10::ArrayRef<long>, c10::ArrayRef<long>, at::native::(anonymous namespace)::index_kernel(at::TensorIteratorBase&, c10::ArrayRef<long>, c10::ArrayRef<long>)::{lambda()#1}::operator()() const::{lambda()#6}::operator()() const::{lambda(char*, char*, long)#1} const&, bool)::{lambda(char**, long const*, long)#1}>(at::native::cpu_index_kernel<double, at::native::(anonymous namespace)::index_kernel(at::TensorIteratorBase&, c10::ArrayRef<long>, c10::ArrayRef<long>)::{lambda()#1}::operator()() const::{lambda()#6}::operator()() const::{lambda(char*, char*, long)#1}>(at::TensorIteratorBase&, c10::ArrayRef<long>, c10::ArrayRef<long>, at::native::(anonymous namespace)::index_kernel(at::TensorIteratorBase&, c10::ArrayRef<long>, c10::ArrayRef<long>)::{lambda()#1}::operator()() const::{lambda()#6}::operator()() const::{lambda(char*, char*, long)#1} const&, bool)::{lambda(char**, long const*, long)#1} const&)::{lambda(char**, long const*, long, long)#1}>(long, char**, long const*, long, long)",libtorch_cpu.so,2.6,568,4610972724,"{""IPC"":""-"",""[IPC Coverage]"":""-""}",unassigned native symbol; no unique pipeline attribution
profile-precision5-torch-cpu-l512-perf,torch:cpu:1,perf,cycles:u,"[.] void at::native::(anonymous namespace)::searchsorted_cpu_contiguous<long, long>(at::Tensor&, at::Tensor const&, at::Tensor const&, bool const&, at::Tensor const&)",libtorch_cpu.so,2.15,289,3807701106,"{""IPC"":""-"",""[IPC Coverage]"":""-""}",unassigned native symbol; no unique pipeline attribution
profile-precision5-torch-cpu-l512-perf,torch:cpu:1,perf,cycles:u,[.] mkl_serv_libm_sincospif,libmkl_core.so,1.83,281,3242618973,"{""IPC"":""-"",""[IPC Coverage]"":""-""}",unassigned native symbol; no unique pipeline attribution
profile-precision5-torch-cpu-l512-perf,torch:cpu:1,perf,cycles:u,"[.] void c10::function_ref<void (char**, long const*, long, long)>::callback_fn<at::TensorIteratorBase::loop_2d_from_1d<at::native::AVX2::copy_kernel(at::TensorIterator&, bool)::{lambda()#1}::operator()() const::{lambda()#17}::operator()() const::{lambda()#1}::operator()() const::{lambda()#18}::operator()() const::{lambda(char**, long const*, long)#1}>(at::native::AVX2::copy_kernel(at::TensorIterator&, bool)::{lambda()#1}::operator()() const::{lambda()#17}::operator()() const::{lambda()#1}::operator()() const::{lambda()#18}::operator()() const::{lambda(char**, long const*, long)#1} const&)::{lambda(char**, long const*, long, long)#1}>(long, char**, long const*, long, long)",libtorch_cpu.so,1.74,247,3093115827,"{""IPC"":""-"",""[IPC Coverage]"":""-""}",unassigned native symbol; no unique pipeline attribution
profile-precision5-torch-cpu-l512-perf,torch:cpu:1,perf,cycles:u,[.] FrCksumGnu,libframel-9cd69e87.so.8.43.1,1.6,219,2836821797,"{""IPC"":""-"",""[IPC Coverage]"":""-""}",unassigned native symbol; no unique pipeline attribution
profile-precision5-torch-cpu-l512-perf,torch:cpu:1,perf,cycles:u,"[.] void c10::function_ref<void (char**, long const*, long, long)>::callback_fn<at::native::(anonymous namespace)::cascade_sum<false, float>(at::TensorIterator&)::{lambda(char**, long const*, long, long)#1}>(long, char**, long const*, long, long)",libtorch_cpu.so,1.55,251,2742700699,"{""IPC"":""-"",""[IPC Coverage]"":""-""}",unassigned native symbol; no unique pipeline attribution
profile-precision5-torch-cpu-l512-perf,torch:cpu:1,perf,cycles:u,"[.] void c10::function_ref<void (char**, long const*, long, long)>::callback_fn<at::TensorIteratorBase::loop_2d_from_1d<at::native::AVX2::copy_kernel(at::TensorIterator&, bool)::{lambda()#1}::operator()() const::{lambda()#18}::operator()() const::{lambda()#1}::operator()() const::{lambda()#17}::operator()() const::{lambda(char**, long const*, long)#1}>(at::native::AVX2::copy_kernel(at::TensorIterator&, bool)::{lambda()#1}::operator()() const::{lambda()#18}::operator()() const::{lambda()#1}::operator()() const::{lambda()#17}::operator()() const::{lambda(char**, long const*, long)#1} const&)::{lambda(char**, long const*, long, long)#1}>(long, char**, long const*, long, long)",libtorch_cpu.so,1.43,200,2533023241,"{""IPC"":""-"",""[IPC Coverage]"":""-""}",unassigned native symbol; no unique pipeline attribution
profile-precision5-torch-cpu-l512-perf,torch:cpu:1,perf,cycles:u,"[.] _max_simple(float*, float*, float*, long*, long, long)",simd_threshold_cython.cpython-311-x86_64-linux-gnu.so,1.26,168,2233898332,"{""IPC"":""-"",""[IPC Coverage]"":""-""}",unassigned native symbol; no unique pipeline attribution
profile-precision5-torch-cpu-l512-perf,torch:cpu:1,perf,cycles:u,[.] 0x000000000002aee0,libfftw3.so.3.6.10,1.16,154,2052271335,"{""IPC"":""-"",""[IPC Coverage]"":""-""}",unassigned native symbol; no unique pipeline attribution
profile-precision5-torch-cpu-l512-perf,torch:cpu:1,perf,cycles:u,"[.] void c10::function_ref<void (char**, long const*, long, long)>::callback_fn<at::native::nonzero_out_cpu(at::Tensor const&, at::Tensor&)::{lambda()#2}::operator()() const::{lambda()#13}::operator()() const::{lambda(long, long)#1}::operator()(long, long) const::{lambda(char**, long const*, long, long)#1}>(long, char**, long const*, long, long)",libtorch_cpu.so,1.12,163,1982352753,"{""IPC"":""-"",""[IPC Coverage]"":""-""}",unassigned native symbol; no unique pipeline attribution
profile-precision5-torch-cpu-l512-perf,torch:cpu:1,perf,cycles:u,[.] _PyEval_EvalFrameDefault,python3.11,1.07,174,1901931325,"{""IPC"":""-"",""[IPC Coverage]"":""-""}",unassigned native symbol; no unique pipeline attribution
profile-precision5-torch-cpu-l512-perf,torch:cpu:1,perf,cycles:u,"[.] void c10::function_ref<void (char**, long const*, long, long)>::callback_fn<at::native::AVX2::VectorizedLoop2d<at::native::(anonymous namespace)::mul_kernel(at::TensorIteratorBase&)::{lambda()#2}::operator()() const::{lambda()#13}::operator()() const::{lambda(double, double)#1}, at::native::(anonymous namespace)::mul_kernel(at::TensorIteratorBase&)::{lambda()#2}::operator()() const::{lambda()#13}::operator()() const::{lambda(at::vec::AVX2::Vectorized<double>, at::vec::AVX2::Vectorized<double>)#1}> >(long, char**, long const*, long, long)",libtorch_cpu.so,0.97,154,1711900122,"{""IPC"":""-"",""[IPC Coverage]"":""-""}",unassigned native symbol; no unique pipeline attribution
profile-precision5-torch-cpu-l512-perf,torch:cpu:1,perf,cycles:u,[.] Frz_adler32,libframel-9cd69e87.so.8.43.1,0.84,118,1494017672,"{""IPC"":""-"",""[IPC Coverage]"":""-""}",unassigned native symbol; no unique pipeline attribution
profile-precision5-torch-cpu-l512-perf,torch:cpu:1,perf,cycles:u,[.] mkl_vml_kernel_dSin_EXHAynn,libtorch_cpu.so,0.72,96,1274405044,"{""IPC"":""-"",""[IPC Coverage]"":""-""}",unassigned native symbol; no unique pipeline attribution
profile-precision5-torch-cpu-l512-perf,torch:cpu:1,perf,cycles:u,"[.] void c10::function_ref<void (char**, long const*, long, long)>::callback_fn<at::native::AVX2::VectorizedLoop2d<at::native::(anonymous namespace)::add_kernel(at::TensorIteratorBase&, c10::Scalar const&)::{lambda()#1}::operator()() const::{lambda()#8}::operator()() const::{lambda(double, double)#1}, at::native::(anonymous namespace)::add_kernel(at::TensorIteratorBase&, c10::Scalar const&)::{lambda()#1}::operator()() const::{lambda()#8}::operator()() const::{lambda(at::vec::AVX2::Vectorized<double>, at::vec::AVX2::Vectorized<double>)#1}> >(long, char**, long const*, long, long)",libtorch_cpu.so,0.72,229,1271383392,"{""IPC"":""-"",""[IPC Coverage]"":""-""}",unassigned native symbol; no unique pipeline attribution
profile-precision5-torch-cpu-l512-perf,torch:cpu:1,perf,cycles:u,[.] mkl_vml_kernel_dCos_EXHAynn,libtorch_cpu.so,0.67,91,1196080501,"{""IPC"":""-"",""[IPC Coverage]"":""-""}",unassigned native symbol; no unique pipeline attribution
profile-precision5-torch-cpu-l512-perf,torch:cpu:1,perf,cycles:u,"[.] std::array<float, 4l> at::native::(anonymous namespace)::multi_row_sum<float, 4l, at::native::(anonymous namespace)::CastLoadPolicy<float, float> >(char const*, long, long, long)",libtorch_cpu.so,0.66,106,1173589338,"{""IPC"":""-"",""[IPC Coverage]"":""-""}",unassigned native symbol; no unique pipeline attribution
profile-precision5-torch-cpu-l512-perf,torch:cpu:1,perf,cycles:u,"[.] void c10::function_ref<void (char**, long const*, long, long)>::callback_fn<at::native::AVX2::VectorizedLoop2d<at::native::AVX2::conj_kernel(at::TensorIteratorBase&)::{lambda()#1}::operator()() const::{lambda()#12}::operator()() const::{lambda(c10::complex<float>)#1}, at::native::AVX2::conj_kernel(at::TensorIteratorBase&)::{lambda()#1}::operator()() const::{lambda()#12}::operator()() const::{lambda(at::vec::AVX2::Vectorized<c10::complex<float> >)#1}> >(long, char**, long const*, long, long)",libtorch_cpu.so,0.64,90,1142952338,"{""IPC"":""-"",""[IPC Coverage]"":""-""}",unassigned native symbol; no unique pipeline attribution
profile-precision5-torch-cpu-l512-perf,torch:cpu:1,perf,cycles:u,[.] 0x000000000002aeff,libfftw3.so.3.6.10,0.61,82,1089911303,"{""IPC"":""-"",""[IPC Coverage]"":""-""}",unassigned native symbol; no unique pipeline attribution
profile-precision5-torch-cpu-l512-perf,torch:cpu:1,perf,cycles:u,"[.] void at::native::(anonymous namespace)::sort_kernel_impl<double, at::native::StridedRandomAccessor<double, long, at::native::DefaultPtrTraits>, at::native::StridedRandomAccessor<long, long, at::native::DefaultPtrTraits> >(at::native::StridedRandomAccessor<double, long, at::native::DefaultPtrTraits> const&, at::native::StridedRandomAccessor<long, long, at::native::DefaultPtrTraits> const&, long, bool, bool)",libtorch_cpu.so,0.61,84,1080359258,"{""IPC"":""-"",""[IPC Coverage]"":""-""}",unassigned native symbol; no unique pipeline attribution
profile-precision5-torch-cpu-l512-perf,torch:cpu:1,perf,cycles:u,[.] 0x000000000002aee4,libfftw3.so.3.6.10,0.6,80,1062911929,"{""IPC"":""-"",""[IPC Coverage]"":""-""}",unassigned native symbol; no unique pipeline attribution
profile-precision5-torch-cpu-l512-perf,torch:cpu:1,perf,cycles:u,[.] 0x000000000002af41,libfftw3.so.3.6.10,0.59,78,1039511594,"{""IPC"":""-"",""[IPC Coverage]"":""-""}",unassigned native symbol; no unique pipeline attribution
profile-precision5-torch-cpu-l512-perf,torch:cpu:1,perf,cycles:u,"[.] void c10::function_ref<void (char**, long const*, long, long)>::callback_fn<at::TensorIteratorBase::loop_2d_from_1d<at::native::cpu_index_kernel<long, at::native::(anonymous namespace)::index_kernel(at::TensorIteratorBase&, c10::ArrayRef<long>, c10::ArrayRef<long>)::{lambda()#1}::operator()() const::{lambda()#4}::operator()() const::{lambda(char*, char*, long)#1}>(at::TensorIteratorBase&, c10::ArrayRef<long>, c10::ArrayRef<long>, at::native::(anonymous namespace)::index_kernel(at::TensorIteratorBase&, c10::ArrayRef<long>, c10::ArrayRef<long>)::{lambda()#1}::operator()() const::{lambda()#4}::operator()() const::{lambda(char*, char*, long)#1} const&, bool)::{lambda(char**, long const*, long)#1}>(at::native::cpu_index_kernel<long, at::native::(anonymous namespace)::index_kernel(at::TensorIteratorBase&, c10::ArrayRef<long>, c10::ArrayRef<long>)::{lambda()#1}::operator()() const::{lambda()#4}::operator()() const::{lambda(char*, char*, long)#1}>(at::TensorIteratorBase&, c10::ArrayRef<long>, c10::ArrayRef<long>, at::native::(anonymous namespace)::index_kernel(at::TensorIteratorBase&, c10::ArrayRef<long>, c10::ArrayRef<long>)::{lambda()#1}::operator()() const::{lambda()#4}::operator()() const::{lambda(char*, char*, long)#1} const&, bool)::{lambda(char**, long const*, long)#1} const&)::{lambda(char**, long const*, long, long)#1}>(long, char**, long const*, long, long)",libtorch_cpu.so,0.58,78,1033527683,"{""IPC"":""-"",""[IPC Coverage]"":""-""}",unassigned native symbol; no unique pipeline attribution
profile-precision5-torch-cpu-l512-perf,torch:cpu:1,perf,cycles:u,"[.] void c10::function_ref<void (char**, long const*, long, long)>::callback_fn<at::native::AVX2::VectorizedLoop2d<at::native::(anonymous namespace)::mul_kernel(at::TensorIteratorBase&)::{lambda()#2}::operator()() const::{lambda()#16}::operator()() const::{lambda(c10::complex<float>, c10::complex<float>)#1}, at::native::(anonymous namespace)::mul_kernel(at::TensorIteratorBase&)::{lambda()#2}::operator()() const::{lambda()#16}::operator()() const::{lambda(at::vec::AVX2::Vectorized<c10::complex<float> >, at::vec::AVX2::Vectorized<c10::complex<float> >)#1}> >(long, char**, long const*, long, long)",libtorch_cpu.so,0.55,78,972534214,"{""IPC"":""-"",""[IPC Coverage]"":""-""}",unassigned native symbol; no unique pipeline attribution
profile-precision5-torch-cpu-l512-perf,torch:cpu:1,perf,cycles:u,[.] 0x000000000002af20,libfftw3.so.3.6.10,0.53,71,946925084,"{""IPC"":""-"",""[IPC Coverage]"":""-""}",unassigned native symbol; no unique pipeline attribution
profile-precision5-torch-cpu-l512-perf,torch:cpu:1,perf,cycles:u,"[.] void std::__introsort_loop<at::native::CompositeRandomAccessor<at::native::StridedRandomAccessor<double, long, at::native::DefaultPtrTraits>, at::native::StridedRandomAccessor<long, long, at::native::DefaultPtrTraits>, at::native::TupleInfoCPU>, long, __gnu_cxx::__ops::_Iter_comp_iter<at::native::(anonymous namespace)::KeyValueCompAsc<double> > >(at::native::CompositeRandomAccessor<at::native::StridedRandomAccessor<double, long, at::native::DefaultPtrTraits>, at::native::StridedRandomAccessor<long, long, at::native::DefaultPtrTraits>, at::native::TupleInfoCPU>, at::native::CompositeRandomAccessor<at::native::StridedRandomAccessor<double, long, at::native::DefaultPtrTraits>, at::native::StridedRandomAccessor<long, long, at::native::DefaultPtrTraits>, at::native::TupleInfoCPU>, long, __gnu_cxx::__ops::_Iter_comp_iter<at::native::(anonymous namespace)::KeyValueCompAsc<double> >)",libtorch_cpu.so,0.52,69,921463612,"{""IPC"":""-"",""[IPC Coverage]"":""-""}",unassigned native symbol; no unique pipeline attribution
profile-precision5-torch-cpu-l512-perf,torch:cpu:1,perf,cycles:u,[.] mkl_serv_libm_sin,libmkl_core.so,0.51,82,902247231,"{""IPC"":""-"",""[IPC Coverage]"":""-""}",unassigned native symbol; no unique pipeline attribution
profile-precision5-torch-cpu-l512-perf,torch:cpu:1,perf,cycles:u,"[.] void c10::function_ref<void (char**, long const*, long, long)>::callback_fn<at::TensorIteratorBase::loop_2d_from_1d<at::native::(anonymous namespace)::index_copy_kernel(at::TensorIterator&, long, long, long)::{lambda()#1}::operator()() const::{lambda()#9}::operator()() const::{lambda(char**, long const*, long)#3}>(at::native::(anonymous namespace)::index_copy_kernel(at::TensorIterator&, long, long, long)::{lambda()#1}::operator()() const::{lambda()#9}::operator()() const::{lambda(char**, long const*, long)#3} const&)::{lambda(char**, long const*, long, long)#1}>(long, char**, long const*, long, long)",libtorch_cpu.so,0.51,104,898722875,"{""IPC"":""-"",""[IPC Coverage]"":""-""}",unassigned native symbol; no unique pipeline attribution
profile-precision5-torch-cpu-l512-perf,torch:cpu:1,perf,cycles:u,[.] 0x000000000002af60,libfftw3.so.3.6.10,0.48,64,853013161,"{""IPC"":""-"",""[IPC Coverage]"":""-""}",unassigned native symbol; no unique pipeline attribution
profile-precision5-torch-cpu-l512-perf,torch:cpu:1,perf,cycles:u,[.] gc_collect_main,python3.11,0.45,62,803518372,"{""IPC"":""-"",""[IPC Coverage]"":""-""}",unassigned native symbol; no unique pipeline attribution
profile-precision5-torch-cpu-l512-perf,torch:cpu:1,perf,cycles:u,[.] mkl_serv_libm_cos,libmkl_core.so,0.42,56,740336153,"{""IPC"":""-"",""[IPC Coverage]"":""-""}",unassigned native symbol; no unique pipeline attribution
profile-precision5-torch-cpu-l512-perf,torch:cpu:1,perf,cycles:u,[.] 0x000000000002af73,libfftw3.so.3.6.10,0.41,55,732553156,"{""IPC"":""-"",""[IPC Coverage]"":""-""}",unassigned native symbol; no unique pipeline attribution
profile-precision5-torch-cpu-l512-perf,torch:cpu:1,perf,cycles:u,[.] 0x00000000001c9a1d,libfftw3.so.3.6.10,0.41,55,728989892,"{""IPC"":""-"",""[IPC Coverage]"":""-""}",unassigned native symbol; no unique pipeline attribution
profile-precision5-torch-cpu-l512-perf,torch:cpu:1,perf,cycles:u,[.] _Py_dict_lookup,python3.11,0.41,68,727132604,"{""IPC"":""-"",""[IPC Coverage]"":""-""}",unassigned native symbol; no unique pipeline attribution
profile-precision5-torch-cpu-l512-perf,torch:cpu:1,perf,cycles:u,"[.] void c10::function_ref<void (char**, long const*, long, long)>::callback_fn<at::native::AVX2::VectorizedLoop2d<at::native::(anonymous namespace)::fill_kernel(at::TensorIterator&, c10::Scalar const&)::{lambda()#1}::operator()() const::{lambda()#6}::operator()() const::{lambda()#1}, at::native::(anonymous namespace)::fill_kernel(at::TensorIterator&, c10::Scalar const&)::{lambda()#1}::operator()() const::{lambda()#6}::operator()() const::{lambda()#2}> >(long, char**, long const*, long, long)",libtorch_cpu.so,0.34,136,595720307,"{""IPC"":""-"",""[IPC Coverage]"":""-""}",unassigned native symbol; no unique pipeline attribution
profile-precision5-torch-cpu-l512-perf,torch:cpu:1,perf,cycles:u,[.] 0x000000000002f78f,libfftw3.so.3.6.10,0.33,44,586135434,"{""IPC"":""-"",""[IPC Coverage]"":""-""}",unassigned native symbol; no unique pipeline attribution
profile-precision5-torch-cpu-l512-perf,torch:cpu:1,perf,cycles:u,"[.] void c10::function_ref<void (char**, long const*, long, long)>::callback_fn<at::native::AVX2::VectorizedLoop2d<at::native::(anonymous namespace)::add_kernel(at::TensorIteratorBase&, c10::Scalar const&)::{lambda()#1}::operator()() const::{lambda()#5}::operator()() const::{lambda(long, long)#1}, at::native::(anonymous namespace)::add_kernel(at::TensorIteratorBase&, c10::Scalar const&)::{lambda()#1}::operator()() const::{lambda()#5}::operator()() const::{lambda(at::vec::AVX2::Vectorized<long>, at::vec::AVX2::Vectorized<long>)#1}> >(long, char**, long const*, long, long)",libtorch_cpu.so,0.29,65,522356627,"{""IPC"":""-"",""[IPC Coverage]"":""-""}",unassigned native symbol; no unique pipeline attribution
profile-precision5-torch-cpu-l512-perf,torch:cpu:1,perf,cycles:u,"[.] at::native::index_select_out_cpu_(at::Tensor const&, long, at::Tensor const&, at::Tensor&)::{lambda()#3}::operator()() const::{lambda()#4}::operator()() const",libtorch_cpu.so,0.29,65,520392766,"{""IPC"":""-"",""[IPC Coverage]"":""-""}",unassigned native symbol; no unique pipeline attribution
profile-precision5-torch-cpu-l512-perf,torch:cpu:1,perf,cycles:u,[.] XLALIIRFilterReverseREAL4Vector,liblal-8f7cb511.so.20.3.2,0.29,38,507203153,"{""IPC"":""-"",""[IPC Coverage]"":""-""}",unassigned native symbol; no unique pipeline attribution
profile-precision5-torch-cpu-l512-perf,torch:cpu:1,perf,cycles:u,[k] 0xffffffff861d9bb7,[unknown],0.28,108,501926418,"{""IPC"":""-"",""[IPC Coverage]"":""-""}",unassigned native symbol; no unique pipeline attribution
profile-precision5-torch-cpu-l512-perf,torch:cpu:1,perf,cycles:u,[.] XLALIIRFilterREAL4Vector,liblal-8f7cb511.so.20.3.2,0.28,39,499084612,"{""IPC"":""-"",""[IPC Coverage]"":""-""}",unassigned native symbol; no unique pipeline attribution
profile-precision5-torch-cpu-l512-perf,torch:cpu:1,perf,cycles:u,[k] 0xffffffff86400ba0,[unknown],0.28,81,494592251,"{""IPC"":""-"",""[IPC Coverage]"":""-""}",unassigned native symbol; no unique pipeline attribution
profile-precision5-torch-cpu-l512-perf,torch:cpu:1,perf,cycles:u,[.] fftw_tile2d,libfftw3.so.3.6.10,0.27,36,472445155,"{""IPC"":""-"",""[IPC Coverage]"":""-""}",FFT symbol (symbol-name evidence)
profile-precision5-torch-cpu-l512-perf,torch:cpu:1,perf,cycles:u,"[.] void c10::function_ref<void (char**, long const*, long, long)>::callback_fn<at::native::AVX2::VectorizedLoop2d<at::native::(anonymous namespace)::fill_kernel(at::TensorIterator&, c10::Scalar const&)::{lambda()#1}::operator()() const::{lambda()#9}::operator()() const::{lambda()#1}, at::native::(anonymous namespace)::fill_kernel(at::TensorIterator&, c10::Scalar const&)::{lambda()#1}::operator()() const::{lambda()#9}::operator()() const::{lambda()#2}> >(long, char**, long const*, long, long)",libtorch_cpu.so,0.26,35,461640784,"{""IPC"":""-"",""[IPC Coverage]"":""-""}",unassigned native symbol; no unique pipeline attribution
profile-precision5-torch-cpu-l512-perf,torch:cpu:1,perf,cycles:u,[.] fftw_cpy2d_co,libfftw3.so.3.6.10,0.25,34,446444935,"{""IPC"":""-"",""[IPC Coverage]"":""-""}",FFT symbol (symbol-name evidence)
profile-precision5-torch-cpu-l512-perf,torch:cpu:1,perf,cycles:u,[.] fftw_cpy2d_ci,libfftw3.so.3.6.10,0.25,34,445059400,"{""IPC"":""-"",""[IPC Coverage]"":""-""}",FFT symbol (symbol-name evidence)
profile-precision5-torch-cpu-l512-perf,torch:cpu:1,perf,cycles:u,[.] XLALIIRFilterREAL8Vector,liblal-8f7cb511.so.20.3.2,0.25,35,442447360,"{""IPC"":""-"",""[IPC Coverage]"":""-""}",unassigned native symbol; no unique pipeline attribution
profile-precision5-torch-cpu-l512-perf,torch:cpu:1,perf,cycles:u,[.] deduce_unreachable,python3.11,0.24,35,426175345,"{""IPC"":""-"",""[IPC Coverage]"":""-""}",unassigned native symbol; no unique pipeline attribution
profile-precision5-torch-cpu-l512-perf,torch:cpu:1,perf,cycles:u,[.] 0x000000000002af6b,libfftw3.so.3.6.10,0.24,32,426109294,"{""IPC"":""-"",""[IPC Coverage]"":""-""}",unassigned native symbol; no unique pipeline attribution
profile-precision5-torch-cpu-l512-perf,torch:cpu:1,perf,cycles:u,"[.] void c10::function_ref<void (char**, long const*, long, long)>::callback_fn<at::native::AVX2::VectorizedLoop2d<at::native::AVX2::pow_tensor_scalar_optimized_kernel<float, double, double>(at::TensorIteratorBase&, double)::{lambda(float)#1}, at::native::AVX2::pow_tensor_scalar_optimized_kernel<float, double, double>(at::TensorIteratorBase&, double)::{lambda(at::vec::AVX2::Vectorized<float>)#2}> >(long, char**, long const*, long, long)",libtorch_cpu.so,0.24,39,418533551,"{""IPC"":""-"",""[IPC Coverage]"":""-""}",unassigned native symbol; no unique pipeline attribution
profile-precision5-torch-cpu-l512-perf,torch:cpu:1,perf,cycles:u,[.] XLALIIRFilterReverseREAL8Vector,liblal-8f7cb511.so.20.3.2,0.23,31,412871075,"{""IPC"":""-"",""[IPC Coverage]"":""-""}",unassigned native symbol; no unique pipeline attribution
profile-precision5-torch-cpu-l512-perf,torch:cpu:1,perf,cycles:u,"[.] void c10::function_ref<void (char**, long const*, long, long)>::callback_fn<at::TensorIteratorBase::loop_2d_from_1d<at::native::AVX2::cpu_kernel<at::native::(anonymous namespace)::eq_kernel(at::TensorIteratorBase&)::{lambda()#1}::operator()() const::{lambda()#13}::operator()() const::{lambda(long, long)#1}>(at::TensorIteratorBase&, at::native::(anonymous namespace)::eq_kernel(at::TensorIteratorBase&)::{lambda()#1}::operator()() const::{lambda()#13}::operator()() const::{lambda(long, long)#1}&&, long, bool)::{lambda(char**, long const*, long)#1}>(at::native::AVX2::cpu_kernel<at::native::(anonymous namespace)::eq_kernel(at::TensorIteratorBase&)::{lambda()#1}::operator()() const::{lambda()#13}::operator()() const::{lambda(long, long)#1}>(at::TensorIteratorBase&, at::native::(anonymous namespace)::eq_kernel(at::TensorIteratorBase&)::{lambda()#1}::operator()() const::{lambda()#13}::operator()() const::{lambda(long, long)#1}&&, long, bool)::{lambda(char**, long const*, long)#1} const&)::{lambda(char**, long const*, long, long)#1}>(long, char**, long const*, long, long)",libtorch_cpu.so,0.23,35,409492058,"{""IPC"":""-"",""[IPC Coverage]"":""-""}",unassigned native symbol; no unique pipeline attribution
profile-precision5-torch-cpu-l512-perf,torch:cpu:1,perf,cycles:u,"[.] at::native::(anonymous namespace)::cat_serial_kernel(at::Tensor const&, std::vector<std::reference_wrapper<at::Tensor const>, std::allocator<std::reference_wrapper<at::Tensor const> > > const&, long)",libtorch_cpu.so,0.22,73,391704635,"{""IPC"":""-"",""[IPC Coverage]"":""-""}",unassigned native symbol; no unique pipeline attribution
profile-precision5-torch-cpu-l512-perf,torch:cpu:1,perf,cycles:u,"[.] void c10::function_ref<void (char**, long const*, long, long)>::callback_fn<at::TensorIteratorBase::loop_2d_from_1d<at::native::AVX2::copy_kernel(at::TensorIterator&, bool)::{lambda()#1}::operator()() const::{lambda()#15}::operator()() const::{lambda()#1}::operator()() const::{lambda()#16}::operator()() const::{lambda(char**, long const*, long)#1}>(at::native::AVX2::copy_kernel(at::TensorIterator&, bool)::{lambda()#1}::operator()() const::{lambda()#15}::operator()() const::{lambda()#1}::operator()() const::{lambda()#16}::operator()() const::{lambda(char**, long const*, long)#1} const&)::{lambda(char**, long const*, long, long)#1}>(long, char**, long const*, long, long)",libtorch_cpu.so,0.22,34,385582186,"{""IPC"":""-"",""[IPC Coverage]"":""-""}",unassigned native symbol; no unique pipeline attribution
profile-precision5-torch-cpu-l512-perf,torch:cpu:1,perf,cycles:u,"[.] int introselect_<npy::float_tag, false, float>(float*, long*, long, long, long*, long*) [clone .isra.0]",_multiarray_umath.cpython-311-x86_64-linux-gnu.so,0.2,27,346834251,"{""IPC"":""-"",""[IPC Coverage]"":""-""}",unassigned native symbol; no unique pipeline attribution
profile-precision5-torch-cpu-l512-perf,torch:cpu:1,perf,cycles:u,[.] mkl_serv_libm_sincospi,libtorch_cpu.so,0.19,36,344043340,"{""IPC"":""-"",""[IPC Coverage]"":""-""}",unassigned native symbol; no unique pipeline attribution
profile-precision5-torch-cpu-l512-perf,torch:cpu:1,perf,cycles:u,[.] 0x00000000001c9a08,libfftw3.so.3.6.10,0.19,25,332520023,"{""IPC"":""-"",""[IPC Coverage]"":""-""}",unassigned native symbol; no unique pipeline attribution
profile-precision5-torch-cpu-l512-perf,torch:cpu:1,perf,cycles:u,[.] 0x000000000002f74a,libfftw3.so.3.6.10,0.18,24,318030828,"{""IPC"":""-"",""[IPC Coverage]"":""-""}",unassigned native symbol; no unique pipeline attribution
profile-precision5-torch-cpu-l512-perf,torch:cpu:1,perf,cycles:u,[.] visit_reachable,python3.11,0.16,22,286471426,"{""IPC"":""-"",""[IPC Coverage]"":""-""}",unassigned native symbol; no unique pipeline attribution
profile-precision5-torch-cpu-l512-perf,torch:cpu:1,perf,cycles:u,"[.] void c10::function_ref<void (char**, long const*, long, long)>::callback_fn<at::native::AVX2::VectorizedLoop2d<at::native::(anonymous namespace)::div_true_kernel(at::TensorIteratorBase&)::{lambda()#2}::operator()() const::{lambda()#1}::operator()() const::{lambda(double, double)#1}, at::native::(anonymous namespace)::div_true_kernel(at::TensorIteratorBase&)::{lambda()#2}::operator()() const::{lambda()#1}::operator()() const::{lambda(at::vec::AVX2::Vectorized<double>, at::vec::AVX2::Vectorized<double>)#1}> >(long, char**, long const*, long, long)",libtorch_cpu.so,0.16,73,285805062,"{""IPC"":""-"",""[IPC Coverage]"":""-""}",unassigned native symbol; no unique pipeline attribution
profile-precision5-torch-cpu-l512-perf,torch:cpu:1,perf,cycles:u,[.] 0x000000000002f76a,libfftw3.so.3.6.10,0.16,21,279994972,"{""IPC"":""-"",""[IPC Coverage]"":""-""}",unassigned native symbol; no unique pipeline attribution
profile-precision5-torch-cpu-l512-perf,torch:cpu:1,perf,cycles:u,[.] 0x000000000002af76,libfftw3.so.3.6.10,0.16,21,279607519,"{""IPC"":""-"",""[IPC Coverage]"":""-""}",unassigned native symbol; no unique pipeline attribution
profile-precision5-torch-cpu-l512-perf,torch:cpu:1,perf,cycles:u,[.] mkl_dft_def_owns_cFft_BlkMerge_32fc,libmkl_def.so,0.15,21,272973047,"{""IPC"":""-"",""[IPC Coverage]"":""-""}",FFT symbol (symbol-name evidence)
profile-precision5-torch-cpu-l512-perf,torch:cpu:1,perf,cycles:u,[.] 0x000000000002af5c,libfftw3.so.3.6.10,0.15,20,267221614,"{""IPC"":""-"",""[IPC Coverage]"":""-""}",unassigned native symbol; no unique pipeline attribution
profile-precision5-torch-cpu-l512-perf,torch:cpu:1,perf,cycles:u,[.] 0x000000000002f7d4,libfftw3.so.3.6.10,0.15,20,266742822,"{""IPC"":""-"",""[IPC Coverage]"":""-""}",unassigned native symbol; no unique pipeline attribution
profile-precision5-torch-cpu-l512-perf,torch:cpu:1,perf,cycles:u,[.] handle_scalar,_multiarray_umath.cpython-311-x86_64-linux-gnu.so,0.15,20,258802531,"{""IPC"":""-"",""[IPC Coverage]"":""-""}",unassigned native symbol; no unique pipeline attribution
profile-precision5-torch-cpu-l512-perf,torch:cpu:1,perf,cycles:u,"[.] void c10::function_ref<void (char**, long const*, long, long)>::callback_fn<at::native::AVX2::VectorizedLoop2d<at::native::(anonymous namespace)::mul_kernel(at::TensorIteratorBase&)::{lambda()#2}::operator()() const::{lambda()#14}::operator()() const::{lambda(float, float)#1}, at::native::(anonymous namespace)::mul_kernel(at::TensorIteratorBase&)::{lambda()#2}::operator()() const::{lambda()#14}::operator()() const::{lambda(at::vec::AVX2::Vectorized<float>, at::vec::AVX2::Vectorized<float>)#1}> >(long, char**, long const*, long, long)",libtorch_cpu.so,0.14,21,249551073,"{""IPC"":""-"",""[IPC Coverage]"":""-""}",unassigned native symbol; no unique pipeline attribution
profile-precision5-torch-cpu-l512-perf,torch:cpu:1,perf,cycles:u,"[.] void c10::function_ref<void (char**, long const*, long, long)>::callback_fn<at::TensorIteratorBase::loop_2d_from_1d<at::native::(anonymous namespace)::cpu_masked_fill_kernel<long>(at::TensorIterator&, long)::{lambda(char**, long const*, long)#1}>(at::native::(anonymous namespace)::cpu_masked_fill_kernel<long>(at::TensorIterator&, long)::{lambda(char**, long const*, long)#1} const&)::{lambda(char**, long const*, long, long)#1}>(long, char**, long const*, long, long)",libtorch_cpu.so,0.14,21,246111537,"{""IPC"":""-"",""[IPC Coverage]"":""-""}",unassigned native symbol; no unique pipeline attribution
profile-precision5-torch-cpu-l512-perf,torch:cpu:1,perf,cycles:u,[.] __memmove_avx_unaligned_erms,libc.so.6,0.13,26,238916656,"{""IPC"":""-"",""[IPC Coverage]"":""-""}",unassigned native symbol; no unique pipeline attribution
profile-precision5-torch-cpu-l512-perf,torch:cpu:1,perf,cycles:u,[.] __csqrtf,libm.so.6,0.13,19,237166056,"{""IPC"":""-"",""[IPC Coverage]"":""-""}",unassigned native symbol; no unique pipeline attribution
profile-precision5-torch-cpu-l512-perf,torch:cpu:1,perf,cycles:u,"[.] void c10::function_ref<void (char**, long const*, long, long)>::callback_fn<at::TensorIteratorBase::loop_2d_from_1d<at::native::count_nonzero_impl<bool>(at::TensorIteratorBase&, at::Range)::{lambda(char**, long const*, long)#1}>(at::native::count_nonzero_impl<bool>(at::TensorIteratorBase&, at::Range)::{lambda(char**, long const*, long)#1} const&)::{lambda(char**, long const*, long, long)#1}>(long, char**, long const*, long, long)",libtorch_cpu.so,0.13,19,228956259,"{""IPC"":""-"",""[IPC Coverage]"":""-""}",unassigned native symbol; no unique pipeline attribution
profile-precision5-torch-cpu-l512-perf,torch:cpu:1,perf,cycles:u,"[.] void c10::function_ref<void (char**, long const*, long, long)>::callback_fn<at::TensorIteratorBase::loop_2d_from_1d<at::native::AVX2::cpu_kernel<at::native::(anonymous namespace)::le_kernel(at::TensorIteratorBase&)::{lambda()#1}::operator()() const::{lambda()#4}::operator()() const::{lambda(long, long)#1}>(at::TensorIteratorBase&, at::native::(anonymous namespace)::le_kernel(at::TensorIteratorBase&)::{lambda()#1}::operator()() const::{lambda()#4}::operator()() const::{lambda(long, long)#1}&&, long, bool)::{lambda(char**, long const*, long)#1}>(at::native::AVX2::cpu_kernel<at::native::(anonymous namespace)::le_kernel(at::TensorIteratorBase&)::{lambda()#1}::operator()() const::{lambda()#4}::operator()() const::{lambda(long, long)#1}>(at::TensorIteratorBase&, at::native::(anonymous namespace)::le_kernel(at::TensorIteratorBase&)::{lambda()#1}::operator()() const::{lambda()#4}::operator()() const::{lambda(long, long)#1}&&, long, bool)::{lambda(char**, long const*, long)#1} const&)::{lambda(char**, long const*, long, long)#1}>(long, char**, long const*, long, long)",libtorch_cpu.so,0.12,16,210548789,"{""IPC"":""-"",""[IPC Coverage]"":""-""}",unassigned native symbol; no unique pipeline attribution
profile-precision5-torch-cpu-l512-perf,torch:cpu:1,perf,cycles:u,[.] mkl_dft_def_owns_initTabTwdBase_32f,libmkl_def.so,0.12,16,204124450,"{""IPC"":""-"",""[IPC Coverage]"":""-""}",FFT symbol (symbol-name evidence)
profile-precision5-torch-cpu-l512-perf,torch:cpu:1,perf,cycles:u,[.] huft_build,libframel-9cd69e87.so.8.43.1,0.11,16,203407533,"{""IPC"":""-"",""[IPC Coverage]"":""-""}",unassigned native symbol; no unique pipeline attribution
profile-precision5-torch-cpu-l512-perf,torch:cpu:1,perf,cycles:u,[.] mkl_dft_def_owns_cRadix4FwdNorm_64fc,libtorch_cpu.so,0.11,30,197549486,"{""IPC"":""-"",""[IPC Coverage]"":""-""}",FFT symbol (symbol-name evidence)
profile-precision5-torch-cpu-l512-perf,torch:cpu:1,perf,cycles:u,[.] _PyObject_GenericGetAttrWithDict,python3.11,0.11,17,194356766,"{""IPC"":""-"",""[IPC Coverage]"":""-""}",unassigned native symbol; no unique pipeline attribution
profile-precision5-torch-cpu-l512-perf,torch:cpu:1,perf,cycles:u,[.] Frz_inflate_blocks,libframel-9cd69e87.so.8.43.1,0.11,15,189572247,"{""IPC"":""-"",""[IPC Coverage]"":""-""}",unassigned native symbol; no unique pipeline attribution
profile-precision5-torch-cpu-l512-perf,torch:cpu:1,perf,cycles:u,[k] 0xffffffff8626bd40,[unknown],0.11,37,189244373,"{""IPC"":""-"",""[IPC Coverage]"":""-""}",unassigned native symbol; no unique pipeline attribution
profile-precision5-torch-cpu-l512-perf,torch:cpu:1,perf,cycles:u,[.] mkl_dft_def_owns_cFft_BlkSplit_32fc,libmkl_def.so,0.11,15,188747863,"{""IPC"":""-"",""[IPC Coverage]"":""-""}",FFT symbol (symbol-name evidence)
profile-precision5-torch-cpu-l512-perf,torch:cpu:1,perf,cycles:u,[.] 0x00000000001c9a3b,libfftw3.so.3.6.10,0.1,14,185449009,"{""IPC"":""-"",""[IPC Coverage]"":""-""}",unassigned native symbol; no unique pipeline attribution
profile-precision5-torch-cpu-l512-perf,torch:cpu:1,perf,cycles:u,"[.] void c10::function_ref<void (char**, long const*, long, long)>::callback_fn<at::native::AVX2::VectorizedLoop2d<at::native::(anonymous namespace)::arange_kernel(at::TensorIterator&, c10::Scalar const&, c10::Scalar const&, c10::Scalar const&)::{lambda()#1}::operator()() const::{lambda()#4}::operator()() const::{lambda(long, long)#1}::operator()(long, long) const::{lambda()#1}, at::native::(anonymous namespace)::arange_kernel(at::TensorIterator&, c10::Scalar const&, c10::Scalar const&, c10::Scalar const&)::{lambda()#1}::operator()() const::{lambda()#4}::operator()() const::{lambda(long, long)#1}::operator()(long, long) const::{lambda()#2}> >(long, char**, long const*, long, long)",libtorch_cpu.so,0.1,14,184972699,"{""IPC"":""-"",""[IPC Coverage]"":""-""}",unassigned native symbol; no unique pipeline attribution
profile-precision5-torch-cuda-l512-perf,torch:cuda:0,perf,cycles:u,[.] Frz_inflate_fast,libframel-9cd69e87.so.8.43.1,24.65,870,11034216447,"{""IPC"":""-"",""[IPC Coverage]"":""-""}",unassigned native symbol; no unique pipeline attribution
profile-precision5-torch-cuda-l512-perf,torch:cuda:0,perf,cycles:u,[.] mkl_serv_libm_sincospif,libmkl_core.so,7.4,286,3311475245,"{""IPC"":""-"",""[IPC Coverage]"":""-""}",unassigned native symbol; no unique pipeline attribution
profile-precision5-torch-cuda-l512-perf,torch:cuda:0,perf,cycles:u,[.] FrCksumGnu,libframel-9cd69e87.so.8.43.1,6.41,223,2868614991,"{""IPC"":""-"",""[IPC Coverage]"":""-""}",unassigned native symbol; no unique pipeline attribution
profile-precision5-torch-cuda-l512-perf,torch:cuda:0,perf,cycles:u,[.] _PyEval_EvalFrameDefault,python3.11,3.78,159,1690369771,"{""IPC"":""-"",""[IPC Coverage]"":""-""}",unassigned native symbol; no unique pipeline attribution
profile-precision5-torch-cuda-l512-perf,torch:cuda:0,perf,cycles:u,[.] Frz_adler32,libframel-9cd69e87.so.8.43.1,3.17,112,1417861700,"{""IPC"":""-"",""[IPC Coverage]"":""-""}",unassigned native symbol; no unique pipeline attribution
profile-precision5-torch-cuda-l512-perf,torch:cuda:0,perf,cycles:u,[.] mkl_serv_libm_sin,libmkl_core.so,2.12,86,948729784,"{""IPC"":""-"",""[IPC Coverage]"":""-""}",unassigned native symbol; no unique pipeline attribution
profile-precision5-torch-cuda-l512-perf,torch:cuda:0,perf,cycles:u,[.] sha256_block_data_order_shaext,libcrypto.so.3,2.1,82,940513363,"{""IPC"":""-"",""[IPC Coverage]"":""-""}",unassigned native symbol; no unique pipeline attribution
profile-precision5-torch-cuda-l512-perf,torch:cuda:0,perf,cycles:u,[.] gc_collect_main,python3.11,1.86,63,832086594,"{""IPC"":""-"",""[IPC Coverage]"":""-""}",unassigned native symbol; no unique pipeline attribution
profile-precision5-torch-cuda-l512-perf,torch:cuda:0,perf,cycles:u,[.] mkl_serv_libm_cos,libmkl_core.so,1.77,60,792522431,"{""IPC"":""-"",""[IPC Coverage]"":""-""}",unassigned native symbol; no unique pipeline attribution
profile-precision5-torch-cuda-l512-perf,torch:cuda:0,perf,cycles:u,[.] _Py_dict_lookup,python3.11,1.38,57,616264856,"{""IPC"":""-"",""[IPC Coverage]"":""-""}",unassigned native symbol; no unique pipeline attribution
profile-precision5-torch-cuda-l512-perf,torch:cuda:0,perf,cycles:u,[.] XLALIIRFilterREAL4Vector,liblal-8f7cb511.so.20.3.2,1.15,41,515217831,"{""IPC"":""-"",""[IPC Coverage]"":""-""}",unassigned native symbol; no unique pipeline attribution
profile-precision5-torch-cuda-l512-perf,torch:cuda:0,perf,cycles:u,[.] XLALIIRFilterReverseREAL8Vector,liblal-8f7cb511.so.20.3.2,1.04,35,465417460,"{""IPC"":""-"",""[IPC Coverage]"":""-""}",unassigned native symbol; no unique pipeline attribution
profile-precision5-torch-cuda-l512-perf,torch:cuda:0,perf,cycles:u,[.] XLALIIRFilterReverseREAL4Vector,liblal-8f7cb511.so.20.3.2,0.95,32,426476875,"{""IPC"":""-"",""[IPC Coverage]"":""-""}",unassigned native symbol; no unique pipeline attribution
profile-precision5-torch-cuda-l512-perf,torch:cuda:0,perf,cycles:u,[.] XLALIIRFilterREAL8Vector,liblal-8f7cb511.so.20.3.2,0.94,33,421227236,"{""IPC"":""-"",""[IPC Coverage]"":""-""}",unassigned native symbol; no unique pipeline attribution
profile-precision5-torch-cuda-l512-perf,torch:cuda:0,perf,cycles:u,[.] deduce_unreachable,python3.11,0.91,33,406535249,"{""IPC"":""-"",""[IPC Coverage]"":""-""}",unassigned native symbol; no unique pipeline attribution
profile-precision5-torch-cuda-l512-perf,torch:cuda:0,perf,cycles:u,[.] visit_reachable,python3.11,0.84,31,377920595,"{""IPC"":""-"",""[IPC Coverage]"":""-""}",unassigned native symbol; no unique pipeline attribution
profile-precision5-torch-cuda-l512-perf,torch:cuda:0,perf,cycles:u,[.] handle_scalar,_multiarray_umath.cpython-311-x86_64-linux-gnu.so,0.71,26,319117540,"{""IPC"":""-"",""[IPC Coverage]"":""-""}",unassigned native symbol; no unique pipeline attribution
profile-precision5-torch-cuda-l512-perf,torch:cuda:0,perf,cycles:u,[.] __memmove_avx_unaligned_erms,libc.so.6,0.64,34,286554070,"{""IPC"":""-"",""[IPC Coverage]"":""-""}",unassigned native symbol; no unique pipeline attribution
profile-precision5-torch-cuda-l512-perf,torch:cuda:0,perf,cycles:u,"[.] int introselect_<npy::float_tag, false, float>(float*, long*, long, long, long*, long*) [clone .isra.0]",_multiarray_umath.cpython-311-x86_64-linux-gnu.so,0.64,22,284771775,"{""IPC"":""-"",""[IPC Coverage]"":""-""}",unassigned native symbol; no unique pipeline attribution
profile-precision5-torch-cuda-l512-perf,torch:cuda:0,perf,cycles:u,[.] mkl_dft_def_owns_cFft_BlkMerge_32fc,libmkl_def.so,0.57,21,256939211,"{""IPC"":""-"",""[IPC Coverage]"":""-""}",FFT symbol (symbol-name evidence)
profile-precision5-torch-cuda-l512-perf,torch:cuda:0,perf,cycles:u,[.] __csqrtf,libm.so.6,0.52,19,233148711,"{""IPC"":""-"",""[IPC Coverage]"":""-""}",unassigned native symbol; no unique pipeline attribution
profile-precision5-torch-cuda-l512-perf,torch:cuda:0,perf,cycles:u,[.] dict_traverse,python3.11,0.47,16,209195959,"{""IPC"":""-"",""[IPC Coverage]"":""-""}",unassigned native symbol; no unique pipeline attribution
profile-precision5-torch-cuda-l512-perf,torch:cuda:0,perf,cycles:u,[.] func_traverse,python3.11,0.41,15,185015620,"{""IPC"":""-"",""[IPC Coverage]"":""-""}",unassigned native symbol; no unique pipeline attribution
profile-precision5-torch-cuda-l512-perf,torch:cuda:0,perf,cycles:u,[.] __powf_fma,libm.so.6,0.4,14,178879698,"{""IPC"":""-"",""[IPC Coverage]"":""-""}",unassigned native symbol; no unique pipeline attribution
profile-precision5-torch-cuda-l512-perf,torch:cuda:0,perf,cycles:u,[.] object_dealloc,python3.11,0.36,18,161113299,"{""IPC"":""-"",""[IPC Coverage]"":""-""}",unassigned native symbol; no unique pipeline attribution
profile-precision5-torch-cuda-l512-perf,torch:cuda:0,perf,cycles:u,[.] mkl_dft_def_owns_cFft_BlkSplit_32fc,libmkl_def.so,0.36,12,159222096,"{""IPC"":""-"",""[IPC Coverage]"":""-""}",FFT symbol (symbol-name evidence)
profile-precision5-torch-cuda-l512-perf,torch:cuda:0,perf,cycles:u,[.] _aligned_contig_to_strided_size4,_multiarray_umath.cpython-311-x86_64-linux-gnu.so,0.35,12,158804065,"{""IPC"":""-"",""[IPC Coverage]"":""-""}",unassigned native symbol; no unique pipeline attribution
profile-precision5-torch-cuda-l512-perf,torch:cuda:0,perf,cycles:u,[.] Frz_inflate_codes,libframel-9cd69e87.so.8.43.1,0.34,12,151542234,"{""IPC"":""-"",""[IPC Coverage]"":""-""}",unassigned native symbol; no unique pipeline attribution
profile-precision5-torch-cuda-l512-perf,torch:cuda:0,perf,cycles:u,[.] __memmove_avx_unaligned,libc.so.6,0.34,12,150497037,"{""IPC"":""-"",""[IPC Coverage]"":""-""}",unassigned native symbol; no unique pipeline attribution
profile-precision5-torch-cuda-l512-perf,torch:cuda:0,perf,cycles:u,[.] _aligned_strided_to_contig_size4,_multiarray_umath.cpython-311-x86_64-linux-gnu.so,0.32,11,145269974,"{""IPC"":""-"",""[IPC Coverage]"":""-""}",unassigned native symbol; no unique pipeline attribution
profile-precision5-torch-cuda-l512-perf,torch:cuda:0,perf,cycles:u,[.] mkl_dft_def_owns_cRadix4Inv_32fc,libmkl_def.so,0.32,11,144161761,"{""IPC"":""-"",""[IPC Coverage]"":""-""}",FFT symbol (symbol-name evidence)
profile-precision5-torch-cuda-l512-perf,torch:cuda:0,perf,cycles:u,[.] _int_malloc,libc.so.6,0.32,13,141576663,"{""IPC"":""-"",""[IPC Coverage]"":""-""}",unassigned native symbol; no unique pipeline attribution
profile-precision5-torch-cuda-l512-perf,torch:cuda:0,perf,cycles:u,[.] Frz_inflate_blocks,libframel-9cd69e87.so.8.43.1,0.31,11,139170282,"{""IPC"":""-"",""[IPC Coverage]"":""-""}",unassigned native symbol; no unique pipeline attribution
profile-precision5-torch-cuda-l512-perf,torch:cuda:0,perf,cycles:u,[.] do_lookup_x,ld-linux-x86-64.so.2,0.31,15,137646214,"{""IPC"":""-"",""[IPC Coverage]"":""-""}",unassigned native symbol; no unique pipeline attribution
profile-precision5-torch-cuda-l512-perf,torch:cuda:0,perf,cycles:u,[.] mkl_dft_def_owns_cRadix4Fwd_32fc,libmkl_def.so,0.3,10,133241613,"{""IPC"":""-"",""[IPC Coverage]"":""-""}",FFT symbol (symbol-name evidence)
profile-precision5-torch-cuda-l512-perf,torch:cuda:0,perf,cycles:u,[.] 0x0000000000458cd0,libcuda.so.610.57.04,0.29,10,130649084,"{""IPC"":""-"",""[IPC Coverage]"":""-""}",unassigned native symbol; no unique pipeline attribution
profile-precision5-torch-cuda-l512-perf,torch:cuda:0,perf,cycles:u,[.] mkl_dft_def_owns_initTabTwdBase_32f,libmkl_def.so,0.29,10,130209588,"{""IPC"":""-"",""[IPC Coverage]"":""-""}",FFT symbol (symbol-name evidence)
profile-precision5-torch-cuda-l512-perf,torch:cuda:0,perf,cycles:u,[.] npy_csqrtf,_multiarray_umath.cpython-311-x86_64-linux-gnu.so,0.29,10,127897667,"{""IPC"":""-"",""[IPC Coverage]"":""-""}",unassigned native symbol; no unique pipeline attribution
profile-precision5-torch-cuda-l512-perf,torch:cuda:0,perf,cycles:u,[.] _PyObject_GenericGetAttrWithDict,python3.11,0.29,11,127649772,"{""IPC"":""-"",""[IPC Coverage]"":""-""}",unassigned native symbol; no unique pipeline attribution
profile-precision5-torch-cuda-l512-perf,torch:cuda:0,perf,cycles:u,[.] r_object,python3.11,0.28,12,125349103,"{""IPC"":""-"",""[IPC Coverage]"":""-""}",unassigned native symbol; no unique pipeline attribution
profile-precision5-torch-cuda-l512-perf,torch:cuda:0,perf,cycles:u,[.] subtype_traverse,python3.11,0.26,10,116808515,"{""IPC"":""-"",""[IPC Coverage]"":""-""}",unassigned native symbol; no unique pipeline attribution
profile-precision5-torch-cuda-l512-perf,torch:cuda:0,perf,cycles:u,[.] PyArray_Pack,_multiarray_umath.cpython-311-x86_64-linux-gnu.so,0.26,9,116173167,"{""IPC"":""-"",""[IPC Coverage]"":""-""}",unassigned native symbol; no unique pipeline attribution
profile-precision5-torch-cuda-l512-perf,torch:cuda:0,perf,cycles:u,[k] 0xffffffff86400ba0,[unknown],0.25,14,110880057,"{""IPC"":""-"",""[IPC Coverage]"":""-""}",unassigned native symbol; no unique pipeline attribution
profile-precision5-torch-cuda-l512-perf,torch:cuda:0,perf,cycles:u,[.] unicode_dealloc,python3.11,0.24,10,106464176,"{""IPC"":""-"",""[IPC Coverage]"":""-""}",unassigned native symbol; no unique pipeline attribution
profile-precision5-torch-cuda-l512-perf,torch:cuda:0,perf,cycles:u,[.] powf@GLIBC_2.2.5,libm.so.6,0.24,9,106104393,"{""IPC"":""-"",""[IPC Coverage]"":""-""}",unassigned native symbol; no unique pipeline attribution
profile-precision5-torch-cuda-l512-perf,torch:cuda:0,perf,cycles:u,[.] _PyFunction_Vectorcall,python3.11,0.24,9,105927782,"{""IPC"":""-"",""[IPC Coverage]"":""-""}",unassigned native symbol; no unique pipeline attribution
profile-precision5-torch-cuda-l512-perf,torch:cuda:0,perf,cycles:u,[.] binary_search_with_guess.part.0,_multiarray_umath.cpython-311-x86_64-linux-gnu.so,0.23,9,104646987,"{""IPC"":""-"",""[IPC Coverage]"":""-""}",unassigned native symbol; no unique pipeline attribution
profile-precision5-torch-cuda-l512-perf,torch:cuda:0,perf,cycles:u,[.] huft_build,libframel-9cd69e87.so.8.43.1,0.23,8,101403989,"{""IPC"":""-"",""[IPC Coverage]"":""-""}",unassigned native symbol; no unique pipeline attribution
profile-precision5-torch-cuda-l512-perf,torch:cuda:0,perf,cycles:u,[.] tupledealloc,python3.11,0.22,9,96908700,"{""IPC"":""-"",""[IPC Coverage]"":""-""}",unassigned native symbol; no unique pipeline attribution
profile-precision5-torch-cuda-l512-perf,torch:cuda:0,perf,cycles:u,[.] tupletraverse,python3.11,0.22,8,96386803,"{""IPC"":""-"",""[IPC Coverage]"":""-""}",unassigned native symbol; no unique pipeline attribution
profile-precision5-torch-cuda-l512-perf,torch:cuda:0,perf,cycles:u,[.] dict_dealloc,python3.11,0.21,9,95592945,"{""IPC"":""-"",""[IPC Coverage]"":""-""}",unassigned native symbol; no unique pipeline attribution
profile-precision5-torch-cuda-l512-perf,torch:cuda:0,perf,cycles:u,[.] compute_task_fwd,libmkl_def.so,0.21,7,92149574,"{""IPC"":""-"",""[IPC Coverage]"":""-""}",unassigned native symbol; no unique pipeline attribution
profile-precision5-torch-cuda-l512-perf,torch:cuda:0,perf,cycles:u,[.] initTabTwd_Step,libmkl_def.so,0.21,16,91948163,"{""IPC"":""-"",""[IPC Coverage]"":""-""}",unassigned native symbol; no unique pipeline attribution
profile-precision5-torch-cuda-l512-perf,torch:cuda:0,perf,cycles:u,[.] PyArray_AssignFromCache_Recursive,_multiarray_umath.cpython-311-x86_64-linux-gnu.so,0.2,7,90331463,"{""IPC"":""-"",""[IPC Coverage]"":""-""}",unassigned native symbol; no unique pipeline attribution
profile-precision5-torch-cuda-l512-perf,torch:cuda:0,perf,cycles:u,[.] signed_integers_is_known_scalar_types,_multiarray_umath.cpython-311-x86_64-linux-gnu.so,0.2,7,90105494,"{""IPC"":""-"",""[IPC Coverage]"":""-""}",unassigned native symbol; no unique pipeline attribution
profile-precision5-torch-cuda-l512-perf,torch:cuda:0,perf,cycles:u,[.] CFLOAT_multiply_FMA3__AVX2,_multiarray_umath.cpython-311-x86_64-linux-gnu.so,0.2,8,89969682,"{""IPC"":""-"",""[IPC Coverage]"":""-""}",unassigned native symbol; no unique pipeline attribution
profile-precision5-torch-cuda-l512-perf,torch:cuda:0,perf,cycles:u,[.] malloc,libc.so.6,0.2,8,87641672,"{""IPC"":""-"",""[IPC Coverage]"":""-""}",unassigned native symbol; no unique pipeline attribution
profile-precision5-torch-cuda-l512-perf,torch:cuda:0,perf,cycles:u,[.] mkl_dft_def_owns_cRadix4FwdNorm_32fc,libmkl_def.so,0.19,7,86655433,"{""IPC"":""-"",""[IPC Coverage]"":""-""}",FFT symbol (symbol-name evidence)
profile-precision5-torch-cuda-l512-perf,torch:cuda:0,perf,cycles:u,[.] update_shape,_multiarray_umath.cpython-311-x86_64-linux-gnu.so,0.19,7,84339354,"{""IPC"":""-"",""[IPC Coverage]"":""-""}",unassigned native symbol; no unique pipeline attribution
profile-precision5-torch-cuda-l512-perf,torch:cuda:0,perf,cycles:u,[.] _dl_lookup_symbol_x,ld-linux-x86-64.so.2,0.19,8,83140677,"{""IPC"":""-"",""[IPC Coverage]"":""-""}",unassigned native symbol; no unique pipeline attribution
profile-precision5-torch-cuda-l512-perf,torch:cuda:0,perf,cycles:u,[.] mkl_dft_def_owns_cFftInv_Fact8_32fc,libmkl_def.so,0.18,6,79928703,"{""IPC"":""-"",""[IPC Coverage]"":""-""}",FFT symbol (symbol-name evidence)
profile-precision5-torch-cuda-l512-perf,torch:cuda:0,perf,cycles:u,[.] PyNumber_Long,python3.11,0.17,6,77353857,"{""IPC"":""-"",""[IPC Coverage]"":""-""}",unassigned native symbol; no unique pipeline attribution
profile-precision5-torch-cuda-l512-perf,torch:cuda:0,perf,cycles:u,[.] PyArray_PromoteTypes,_multiarray_umath.cpython-311-x86_64-linux-gnu.so,0.17,6,77305171,"{""IPC"":""-"",""[IPC Coverage]"":""-""}",unassigned native symbol; no unique pipeline attribution
profile-precision5-torch-cuda-l512-perf,torch:cuda:0,perf,cycles:u,[.] mkl_dft_def_owns_initTabTwd_L1_32f,libmkl_def.so,0.17,6,77121135,"{""IPC"":""-"",""[IPC Coverage]"":""-""}",FFT symbol (symbol-name evidence)
profile-precision5-torch-cuda-l512-perf,torch:cuda:0,perf,cycles:u,[.] LONG_setitem,_multiarray_umath.cpython-311-x86_64-linux-gnu.so,0.17,6,76635646,"{""IPC"":""-"",""[IPC Coverage]"":""-""}",unassigned native symbol; no unique pipeline attribution
profile-precision5-torch-cuda-l512-perf,torch:cuda:0,perf,cycles:u,[.] unicode_decode_utf8,python3.11,0.17,7,74154701,"{""IPC"":""-"",""[IPC Coverage]"":""-""}",unassigned native symbol; no unique pipeline attribution
profile-precision5-torch-cuda-l512-perf,torch:cuda:0,perf,cycles:u,"[.] c10::runtimeDispatchKeySetHas(c10::DispatchKey, c10::DispatchKey)",libc10.so,0.16,6,71589876,"{""IPC"":""-"",""[IPC Coverage]"":""-""}",unassigned native symbol; no unique pipeline attribution
profile-precision5-torch-cuda-l512-perf,torch:cuda:0,perf,cycles:u,[.] __strlen_avx2,libc.so.6,0.15,7,69201117,"{""IPC"":""-"",""[IPC Coverage]"":""-""}",unassigned native symbol; no unique pipeline attribution
profile-precision5-torch-cuda-l512-perf,torch:cuda:0,perf,cycles:u,[.] siphash13,python3.11,0.15,6,68682140,"{""IPC"":""-"",""[IPC Coverage]"":""-""}",unassigned native symbol; no unique pipeline attribution
profile-precision5-torch-cuda-l512-perf,torch:cuda:0,perf,cycles:u,[.] 0x0000000000000b03,[vdso],0.15,5,65519095,"{""IPC"":""-"",""[IPC Coverage]"":""-""}",unassigned native symbol; no unique pipeline attribution
profile-precision5-torch-cuda-l512-perf,torch:cuda:0,perf,cycles:u,[.] __tls_get_addr,ld-linux-x86-64.so.2,0.15,5,65235996,"{""IPC"":""-"",""[IPC Coverage]"":""-""}",unassigned native symbol; no unique pipeline attribution
profile-precision5-torch-cuda-l512-perf,torch:cuda:0,perf,cycles:u,[.] __memset_avx2_unaligned_erms,libc.so.6,0.15,8,65013929,"{""IPC"":""-"",""[IPC Coverage]"":""-""}",unassigned native symbol; no unique pipeline attribution
profile-precision5-torch-cuda-l512-perf,torch:cuda:0,perf,cycles:u,[.] __memset_avx2_unaligned,libc.so.6,0.14,5,63095567,"{""IPC"":""-"",""[IPC Coverage]"":""-""}",unassigned native symbol; no unique pipeline attribution
profile-precision5-torch-cuda-l512-perf,torch:cuda:0,perf,cycles:u,[.] PyObject_GC_Del,python3.11,0.14,5,60641448,"{""IPC"":""-"",""[IPC Coverage]"":""-""}",unassigned native symbol; no unique pipeline attribution
profile-precision5-torch-cuda-l512-perf,torch:cuda:0,perf,cycles:u,[.] update_one_slot,python3.11,0.13,6,59912511,"{""IPC"":""-"",""[IPC Coverage]"":""-""}",unassigned native symbol; no unique pipeline attribution
profile-precision5-torch-cuda-l512-perf,torch:cuda:0,perf,cycles:u,"[.] c10::impl::OperatorEntry::registerKernel(c10::Dispatcher const&, std::optional<c10::DispatchKey>, c10::KernelFunction, std::optional<c10::impl::CppSignature>, std::unique_ptr<c10::FunctionSchema, std::default_delete<c10::FunctionSchema> >, std::__cxx11::basic_string<char, std::char_traits<char>, std::allocator<char> >)",libtorch_cpu.so,0.13,5,57451384,"{""IPC"":""-"",""[IPC Coverage]"":""-""}",unassigned native symbol; no unique pipeline attribution
profile-precision5-torch-cuda-l512-perf,torch:cuda:0,perf,cycles:u,[.] sre_ucs1_match,python3.11,0.13,6,57044083,"{""IPC"":""-"",""[IPC Coverage]"":""-""}",unassigned native symbol; no unique pipeline attribution
profile-precision5-torch-cuda-l512-perf,torch:cuda:0,perf,cycles:u,[.] cfree@GLIBC_2.2.5,libc.so.6,0.13,5,56870853,"{""IPC"":""-"",""[IPC Coverage]"":""-""}",unassigned native symbol; no unique pipeline attribution
profile-precision5-torch-cuda-l512-perf,torch:cuda:0,perf,cycles:u,[.] list_iter,python3.11,0.12,6,55156793,"{""IPC"":""-"",""[IPC Coverage]"":""-""}",unassigned native symbol; no unique pipeline attribution
profile-precision5-torch-cuda-l512-perf,torch:cuda:0,perf,cycles:u,[.] tok_nextc,python3.11,0.12,5,55005017,"{""IPC"":""-"",""[IPC Coverage]"":""-""}",unassigned native symbol; no unique pipeline attribution
profile-precision5-torch-cuda-l512-perf,torch:cuda:0,perf,cycles:u,[.] assemble,python3.11,0.12,5,54985803,"{""IPC"":""-"",""[IPC Coverage]"":""-""}",unassigned native symbol; no unique pipeline attribution
profile-precision5-torch-cuda-l512-perf,torch:cuda:0,perf,cycles:u,[.] unlink_chunk.isra.0,libc.so.6,0.12,5,54560308,"{""IPC"":""-"",""[IPC Coverage]"":""-""}",unassigned native symbol; no unique pipeline attribution
profile-precision5-torch-cuda-l512-perf,torch:cuda:0,perf,cycles:u,[.] PyLong_AsLongLong,python3.11,0.12,4,54186866,"{""IPC"":""-"",""[IPC Coverage]"":""-""}",unassigned native symbol; no unique pipeline attribution
profile-precision5-torch-cuda-l512-perf,torch:cuda:0,perf,cycles:u,[.] 0x00000000003f06da,libcuda.so.610.57.04,0.12,10,52015658,"{""IPC"":""-"",""[IPC Coverage]"":""-""}",unassigned native symbol; no unique pipeline attribution
profile-precision5-torch-cuda-l512-perf,torch:cuda:0,perf,cycles:u,[.] insertdict,python3.11,0.12,5,51735153,"{""IPC"":""-"",""[IPC Coverage]"":""-""}",unassigned native symbol; no unique pipeline attribution
profile-precision5-torch-cuda-l512-perf,torch:cuda:0,perf,cycles:u,[.] pthread_mutex_lock@@GLIBC_2.2.5,libc.so.6,0.12,4,51694589,"{""IPC"":""-"",""[IPC Coverage]"":""-""}",unassigned native symbol; no unique pipeline attribution
profile-precision5-torch-cuda-l512-perf,torch:cuda:0,perf,cycles:u,[.] PyArray_DiscoverDTypeAndShape_Recursive,_multiarray_umath.cpython-311-x86_64-linux-gnu.so,0.12,4,51587251,"{""IPC"":""-"",""[IPC Coverage]"":""-""}",unassigned native symbol; no unique pipeline attribution
profile-precision5-torch-cuda-l512-perf,torch:cuda:0,perf,cycles:u,[.] _PyPegen_fill_token,python3.11,0.11,4,47386276,"{""IPC"":""-"",""[IPC Coverage]"":""-""}",unassigned native symbol; no unique pipeline attribution
profile-precision5-torch-cuda-l512-perf,torch:cuda:0,perf,cycles:u,[k] 0xffffffff861d9bb7,[unknown],0.1,9,46198284,"{""IPC"":""-"",""[IPC Coverage]"":""-""}",unassigned native symbol; no unique pipeline attribution
profile-precision5-torch-cuda-l512-perf,torch:cuda:0,perf,cycles:u,[.] bitwise_xor_rule,python3.11,0.1,4,45522009,"{""IPC"":""-"",""[IPC Coverage]"":""-""}",unassigned native symbol; no unique pipeline attribution
profile-precision5-torch-cuda-l512-perf,torch:cuda:0,perf,cycles:u,[.] list_dealloc,python3.11,0.1,5,45468852,"{""IPC"":""-"",""[IPC Coverage]"":""-""}",unassigned native symbol; no unique pipeline attribution
profile-precision5-torch-cuda-l512-perf,torch:cuda:0,perf,cycles:u,[.] c10::impl::OperatorEntry::getKernelForDispatchKey(c10::DispatchKey) const,libtorch_cpu.so,0.1,4,45393868,"{""IPC"":""-"",""[IPC Coverage]"":""-""}",unassigned native symbol; no unique pipeline attribution
profile-precision5-torch-cuda-l512-perf,torch:cuda:0,perf,cycles:u,[.] PyUnicode_FromFormatV,python3.11,0.1,4,45004907,"{""IPC"":""-"",""[IPC Coverage]"":""-""}",unassigned native symbol; no unique pipeline attribution
profile-precision5-torch-cuda-l512-perf,torch:cuda:0,perf,cycles:u,[.] CFLOAT_absolute_FMA3__AVX2,_multiarray_umath.cpython-311-x86_64-linux-gnu.so,0.1,4,44895159,"{""IPC"":""-"",""[IPC Coverage]"":""-""}",unassigned native symbol; no unique pipeline attribution
