case,scheme,mode,group,numerator,denominator,unit,share_percent,denominator_kind
reference-precision5-cpu-l512-cprofile,cpu:1,cprofile,FFT,12.079184280000002,34.48535865,seconds,35.0269933469287,sum of cProfile exclusive self time
reference-precision5-cpu-l512-cprofile,cpu:1,cprofile,correlation,0.0,34.48535865,seconds,0.0,sum of cProfile exclusive self time
reference-precision5-cpu-l512-cprofile,cpu:1,cprofile,threshold/clustering,0.732984873,34.48535865,seconds,2.1254958675049185,sum of cProfile exclusive self time
reference-precision5-cpu-l512-cprofile,cpu:1,cprofile,signal-consistency,1.947300314,34.48535865,seconds,5.646745141216619,sum of cProfile exclusive self time
reference-precision5-cpu-l512-cprofile,cpu:1,cprofile,decompression/waveforms,0.458520032,34.48535865,seconds,1.3296078392387547,sum of cProfile exclusive self time
reference-precision5-cpu-l512-cprofile,cpu:1,cprofile,conditioning/PSD,0.082764137,34.48535865,seconds,0.23999790125424722,sum of cProfile exclusive self time
reference-precision5-cpu-l512-cprofile,cpu:1,cprofile,I/O/import/setup,0.830368952,34.48535865,seconds,2.4078884039676356,sum of cProfile exclusive self time
reference-precision5-cpu-l512-cprofile,cpu:1,cprofile,remaining,18.354236062000002,34.48535865,seconds,53.22327149988913,sum of cProfile exclusive self time
profile-precision5-torch-cpu-l512-cprofile,torch:cpu:1,cprofile,FFT,28.424812606000003,82.85235743700001,seconds,34.30778976640937,sum of cProfile exclusive self time
profile-precision5-torch-cpu-l512-cprofile,torch:cpu:1,cprofile,correlation,0.005682628,82.85235743700001,seconds,0.006858740264959879,sum of cProfile exclusive self time
profile-precision5-torch-cpu-l512-cprofile,torch:cpu:1,cprofile,threshold/clustering,0.861620081,82.85235743700001,seconds,1.039946366831102,sum of cProfile exclusive self time
profile-precision5-torch-cpu-l512-cprofile,torch:cpu:1,cprofile,signal-consistency,2.006881833,82.85235743700001,seconds,2.4222386605305832,sum of cProfile exclusive self time
profile-precision5-torch-cpu-l512-cprofile,torch:cpu:1,cprofile,decompression/waveforms,11.900611123000001,82.85235743700001,seconds,14.36363610057697,sum of cProfile exclusive self time
profile-precision5-torch-cpu-l512-cprofile,torch:cpu:1,cprofile,conditioning/PSD,0.294624425,82.85235743700001,seconds,0.3556017403898605,sum of cProfile exclusive self time
profile-precision5-torch-cpu-l512-cprofile,torch:cpu:1,cprofile,I/O/import/setup,0.836163219,82.85235743700001,seconds,1.009220793307914,sum of cProfile exclusive self time
profile-precision5-torch-cpu-l512-cprofile,torch:cpu:1,cprofile,remaining,38.521961522000005,82.85235743700001,seconds,46.49470783168924,sum of cProfile exclusive self time
profile-precision5-torch-cuda-l512-cprofile,torch:cuda:0,cprofile,FFT,3.135397378,22.752332701,seconds,13.780553489630513,sum of cProfile exclusive self time
profile-precision5-torch-cuda-l512-cprofile,torch:cuda:0,cprofile,correlation,0.0013959690000000002,22.752332701,seconds,0.006135498361179666,sum of cProfile exclusive self time
profile-precision5-torch-cuda-l512-cprofile,torch:cuda:0,cprofile,threshold/clustering,0.08273021200000001,22.752332701,seconds,0.36361200008456224,sum of cProfile exclusive self time
profile-precision5-torch-cuda-l512-cprofile,torch:cuda:0,cprofile,signal-consistency,0.223630336,22.752332701,seconds,0.9828897060307628,sum of cProfile exclusive self time
profile-precision5-torch-cuda-l512-cprofile,torch:cuda:0,cprofile,decompression/waveforms,0.143536819,22.752332701,seconds,0.6308663858176237,sum of cProfile exclusive self time
profile-precision5-torch-cuda-l512-cprofile,torch:cuda:0,cprofile,conditioning/PSD,0.09496879800000001,22.752332701,seconds,0.4174024670262754,sum of cProfile exclusive self time
profile-precision5-torch-cuda-l512-cprofile,torch:cuda:0,cprofile,I/O/import/setup,0.7940478110000001,22.752332701,seconds,3.4899622005136224,sum of cProfile exclusive self time
profile-precision5-torch-cuda-l512-cprofile,torch:cuda:0,cprofile,remaining,18.276625378000002,22.752332701,seconds,80.32857825253546,sum of cProfile exclusive self time
profile-precision5-torch-cuda-l512-torchprofile,torch:cuda:0,torchprofile,cudaLaunchKernel,299936.10100053996,1981722.919000538,microseconds,15.13511793827412,CPU profiler-visible event self-time sum
profile-precision5-torch-cuda-l512-torchprofile,torch:cuda:0,torchprofile,cudaStreamSynchronize,261817.94800019637,1981722.919000538,microseconds,13.211632438113075,CPU profiler-visible event self-time sum
profile-precision5-torch-cuda-l512-torchprofile,torch:cuda:0,torchprofile,cudaDeviceGetStreamPriorityRange,122465.76999999769,1981722.919000538,microseconds,6.17976250997602,CPU profiler-visible event self-time sum
profile-precision5-torch-cuda-l512-torchprofile,torch:cuda:0,torchprofile,cudaMemcpyAsync,115754.91899991035,1981722.919000538,microseconds,5.841125310206847,CPU profiler-visible event self-time sum
profile-precision5-torch-cuda-l512-torchprofile,torch:cuda:0,torchprofile,aten::copy_,109007.69499979354,1981722.919000538,microseconds,5.50065268734796,CPU profiler-visible event self-time sum
profile-precision5-torch-cuda-l512-torchprofile,torch:cuda:0,torchprofile,aten::mul,106199.92799985781,1981722.919000538,microseconds,5.358969560357039,CPU profiler-visible event self-time sum
profile-precision5-torch-cuda-l512-torchprofile,torch:cuda:0,torchprofile,aten::sum,77298.35100002028,1981722.919000538,microseconds,3.9005630029754577,CPU profiler-visible event self-time sum
profile-precision5-torch-cuda-l512-torchprofile,torch:cuda:0,torchprofile,aten::empty_strided,58530.43399980664,1981722.919000538,microseconds,2.9535124935289074,CPU profiler-visible event self-time sum
profile-precision5-torch-cuda-l512-torchprofile,torch:cuda:0,torchprofile,aten::masked_fill_,56088.57400002144,1981722.919000538,microseconds,2.830293451332195,CPU profiler-visible event self-time sum
profile-precision5-torch-cuda-l512-torchprofile,torch:cuda:0,torchprofile,aten::pow,53594.70699995011,1981722.919000538,microseconds,2.7044500765515727,CPU profiler-visible event self-time sum
profile-precision5-torch-cuda-l512-torchprofile,torch:cuda:0,torchprofile,aten::empty,47615.699000058696,1981722.919000538,microseconds,2.4027425097386064,CPU profiler-visible event self-time sum
profile-precision5-torch-cuda-l512-torchprofile,torch:cuda:0,torchprofile,aten::index,46378.07699974999,1981722.919000538,microseconds,2.3402906912506367,CPU profiler-visible event self-time sum
profile-precision5-torch-cuda-l512-torchprofile,torch:cuda:0,torchprofile,Runtime Triggered Module Loading,37209.46700000018,1981722.919000538,microseconds,1.8776321676072858,CPU profiler-visible event self-time sum
profile-precision5-torch-cuda-l512-torchprofile,torch:cuda:0,torchprofile,aten::_to_copy,34382.290000109,1981722.919000538,microseconds,1.7349695898682629,CPU profiler-visible event self-time sum
profile-precision5-torch-cuda-l512-torchprofile,torch:cuda:0,torchprofile,aten::nonzero,31489.27499999106,1981722.919000538,microseconds,1.588984751504633,CPU profiler-visible event self-time sum
profile-precision5-torch-cuda-l512-torchprofile,torch:cuda:0,torchprofile,aten::maximum,23913.128000043333,1981722.919000538,microseconds,1.2066837281219756,CPU profiler-visible event self-time sum
profile-precision5-torch-cuda-l512-torchprofile,torch:cuda:0,torchprofile,aten::addcmul_,23363.55700000003,1981722.919000538,microseconds,1.178951748299061,CPU profiler-visible event self-time sum
profile-precision5-torch-cuda-l512-torchprofile,torch:cuda:0,torchprofile,aten::eq,23181.92500000447,1981722.919000538,microseconds,1.1697863903040513,CPU profiler-visible event self-time sum
profile-precision5-torch-cuda-l512-torchprofile,torch:cuda:0,torchprofile,aten::select,22471.78500010632,1981722.919000538,microseconds,1.1339519155099511,CPU profiler-visible event self-time sum
profile-precision5-torch-cuda-l512-torchprofile,torch:cuda:0,torchprofile,aten::gather,21759.427000025287,1981722.919000538,microseconds,1.0980055178954802,CPU profiler-visible event self-time sum
profile-precision5-torch-cuda-l512-torchprofile,torch:cuda:0,torchprofile,aten::slice,20903.883000383154,1981722.919000538,microseconds,1.0548337913418198,CPU profiler-visible event self-time sum
profile-precision5-torch-cuda-l512-torchprofile,torch:cuda:0,torchprofile,aten::add,19685.092999910936,1981722.919000538,microseconds,0.9933322570563454,CPU profiler-visible event self-time sum
profile-precision5-torch-cuda-l512-torchprofile,torch:cuda:0,torchprofile,aten::add_,17171.605999967083,1981722.919000538,microseconds,0.8664988346921582,CPU profiler-visible event self-time sum
profile-precision5-torch-cuda-l512-torchprofile,torch:cuda:0,torchprofile,aten::as_strided,15558.790999827906,1981722.919000538,microseconds,0.7851143492691111,CPU profiler-visible event self-time sum
profile-precision5-torch-cuda-l512-torchprofile,torch:cuda:0,torchprofile,aten::_fft_c2c,15467.551999945194,1981722.919000538,microseconds,0.7805103252146923,CPU profiler-visible event self-time sum
profile-precision5-torch-cuda-l512-torchprofile,torch:cuda:0,torchprofile,aten::to,15337.070000234991,1981722.919000538,microseconds,0.7739260546055595,CPU profiler-visible event self-time sum
profile-precision5-torch-cuda-l512-torchprofile,torch:cuda:0,torchprofile,aten::fill_,14849.22299990058,1981722.919000538,microseconds,0.7493087382462951,CPU profiler-visible event self-time sum
profile-precision5-torch-cuda-l512-torchprofile,torch:cuda:0,torchprofile,aten::set_,13803.035999938846,1981722.919000538,microseconds,0.6965169483380789,CPU profiler-visible event self-time sum
profile-precision5-torch-cuda-l512-torchprofile,torch:cuda:0,torchprofile,Activity Buffer Request,12738.195000000298,1981722.919000538,microseconds,0.642783856303417,CPU profiler-visible event self-time sum
profile-precision5-torch-cuda-l512-torchprofile,torch:cuda:0,torchprofile,aten::clamp,12578.086000001058,1981722.919000538,microseconds,0.6347045734498892,CPU profiler-visible event self-time sum
profile-precision5-torch-cuda-l512-torchprofile,torch:cuda:0,torchprofile,aten::div_,12407.580999983475,1981722.919000538,microseconds,0.626100696571704,CPU profiler-visible event self-time sum
profile-precision5-torch-cuda-l512-torchprofile,torch:cuda:0,torchprofile,aten::floor,11760.854000000283,1981722.919000538,microseconds,0.5934661141191095,CPU profiler-visible event self-time sum
profile-precision5-torch-cuda-l512-torchprofile,torch:cuda:0,torchprofile,aten::le,11638.49100003764,1981722.919000538,microseconds,0.5872915375024979,CPU profiler-visible event self-time sum
profile-precision5-torch-cuda-l512-torchprofile,torch:cuda:0,torchprofile,aten::sub,10664.760999990627,1981722.919000538,microseconds,0.5381560104966284,CPU profiler-visible event self-time sum
profile-precision5-torch-cuda-l512-torchprofile,torch:cuda:0,torchprofile,aten::resize_,9893.744999976829,1981722.919000538,microseconds,0.4992496632660755,CPU profiler-visible event self-time sum
profile-precision5-torch-cuda-l512-torchprofile,torch:cuda:0,torchprofile,aten::abs,9856.84099993296,1981722.919000538,microseconds,0.4973874453096681,CPU profiler-visible event self-time sum
profile-precision5-torch-cuda-l512-torchprofile,torch:cuda:0,torchprofile,aten::view_as_real,9736.523000009358,1981722.919000538,microseconds,0.49131606172874437,CPU profiler-visible event self-time sum
profile-precision5-torch-cuda-l512-torchprofile,torch:cuda:0,torchprofile,cuLaunchKernelEx,8479.228000009432,1981722.919000538,microseconds,0.4278715212258758,CPU profiler-visible event self-time sum
profile-precision5-torch-cuda-l512-torchprofile,torch:cuda:0,torchprofile,aten::cat,8331.046999987215,1981722.919000538,microseconds,0.4203941388632117,CPU profiler-visible event self-time sum
profile-precision5-torch-cuda-l512-torchprofile,torch:cuda:0,torchprofile,aten::div,8242.81600016728,1981722.919000538,microseconds,0.4159419019246374,CPU profiler-visible event self-time sum
profile-precision5-torch-cuda-l512-torchprofile,torch:cuda:0,torchprofile,cuLaunchKernel,7907.304999945685,1981722.919000538,microseconds,0.3990116339742215,CPU profiler-visible event self-time sum
profile-precision5-torch-cuda-l512-torchprofile,torch:cuda:0,torchprofile,Resource,7489.480000000447,1981722.919000538,microseconds,0.3779277076624663,CPU profiler-visible event self-time sum
profile-precision5-torch-cuda-l512-torchprofile,torch:cuda:0,torchprofile,aten::arange,7096.0399999748915,1981722.919000538,microseconds,0.3580742762743899,CPU profiler-visible event self-time sum
profile-precision5-torch-cuda-l512-torchprofile,torch:cuda:0,torchprofile,aten::complex,6976.0779999848455,1981722.919000538,microseconds,0.35202085685637424,CPU profiler-visible event self-time sum
profile-precision5-torch-cuda-l512-torchprofile,torch:cuda:0,torchprofile,aten::cumsum,6794.685000039637,1981722.919000538,microseconds,0.3428675590766477,CPU profiler-visible event self-time sum
profile-precision5-torch-cuda-l512-torchprofile,torch:cuda:0,torchprofile,aten::view,5408.028000049293,1981722.919000538,microseconds,0.2728952644286305,CPU profiler-visible event self-time sum
profile-precision5-torch-cuda-l512-torchprofile,torch:cuda:0,torchprofile,aten::clone,5134.0070000477135,1981722.919000538,microseconds,0.25906785206061994,CPU profiler-visible event self-time sum
profile-precision5-torch-cuda-l512-torchprofile,torch:cuda:0,torchprofile,aten::real,4965.12400005199,1981722.919000538,microseconds,0.25054582315453566,CPU profiler-visible event self-time sum
profile-precision5-torch-cuda-l512-torchprofile,torch:cuda:0,torchprofile,aten::_conj,4833.260000055656,1981722.919000538,microseconds,0.24389181523385023,CPU profiler-visible event self-time sum
profile-precision5-torch-cuda-l512-torchprofile,torch:cuda:0,torchprofile,cudaStreamIsCapturing,4813.213999979198,1981722.919000538,microseconds,0.24288027119385056,CPU profiler-visible event self-time sum
profile-precision5-torch-cuda-l512-torchprofile,torch:cuda:0,torchprofile,aten::index_select,4667.033999983221,1981722.919000538,microseconds,0.23550386157601652,CPU profiler-visible event self-time sum
profile-precision5-torch-cuda-l512-torchprofile,torch:cuda:0,torchprofile,aten::_fft_r2c,4288.126999998465,1981722.919000538,microseconds,0.21638378195480218,CPU profiler-visible event self-time sum
profile-precision5-torch-cuda-l512-torchprofile,torch:cuda:0,torchprofile,aten::detach,4170.058999948204,1981722.919000538,microseconds,0.21042593593514733,CPU profiler-visible event self-time sum
profile-precision5-torch-cuda-l512-torchprofile,torch:cuda:0,torchprofile,aten::sin,3808.415000004694,1981722.919000538,microseconds,0.19217696699624534,CPU profiler-visible event self-time sum
profile-precision5-torch-cuda-l512-torchprofile,torch:cuda:0,torchprofile,aten::reshape,3791.9200000222772,1981722.919000538,microseconds,0.19134461047332962,CPU profiler-visible event self-time sum
profile-precision5-torch-cuda-l512-torchprofile,torch:cuda:0,torchprofile,Lazy Function Loading,3563.2950000055134,1981722.919000538,microseconds,0.1798079320696672,CPU profiler-visible event self-time sum
profile-precision5-torch-cuda-l512-torchprofile,torch:cuda:0,torchprofile,aten::searchsorted,3194.6339999623597,1981722.919000538,microseconds,0.16120487729806046,CPU profiler-visible event self-time sum
profile-precision5-torch-cuda-l512-torchprofile,torch:cuda:0,torchprofile,aten::exp,3091.7410000003874,1981722.919000538,microseconds,0.15601277910030306,CPU profiler-visible event self-time sum
profile-precision5-torch-cuda-l512-torchprofile,torch:cuda:0,torchprofile,cudaFuncGetAttributes,2888.180999999866,1981722.919000538,microseconds,0.14574090920119603,CPU profiler-visible event self-time sum
profile-precision5-torch-cuda-l512-torchprofile,torch:cuda:0,torchprofile,cudaMalloc,2703.9520000014454,1981722.919000538,microseconds,0.1364445036223912,CPU profiler-visible event self-time sum
profile-precision5-torch-cuda-l512-torchprofile,torch:cuda:0,torchprofile,aten::zero_,2519.0329999718815,1981722.919000538,microseconds,0.12711327985459897,CPU profiler-visible event self-time sum
profile-precision5-torch-cuda-l512-torchprofile,torch:cuda:0,torchprofile,detach,2485.4900000002235,1981722.919000538,microseconds,0.12542066179734931,CPU profiler-visible event self-time sum
profile-precision5-torch-cuda-l512-torchprofile,torch:cuda:0,torchprofile,aten::new_empty,2443.908000117168,1981722.919000538,microseconds,0.12332238663060566,CPU profiler-visible event self-time sum
profile-precision5-torch-cuda-l512-torchprofile,torch:cuda:0,torchprofile,aten::cos_,2381.985999997705,1981722.919000538,microseconds,0.1201977318402835,CPU profiler-visible event self-time sum
profile-precision5-torch-cuda-l512-torchprofile,torch:cuda:0,torchprofile,aten::where,2372.286999972537,1981722.919000538,microseconds,0.1197083092306858,CPU profiler-visible event self-time sum
profile-precision5-torch-cuda-l512-torchprofile,torch:cuda:0,torchprofile,aten::unsqueeze,2351.904000064358,1981722.919000538,microseconds,0.11867975979459919,CPU profiler-visible event self-time sum
profile-precision5-torch-cuda-l512-torchprofile,torch:cuda:0,torchprofile,cudaHostAlloc,2347.240999998525,1981722.919000538,microseconds,0.11844445948994384,CPU profiler-visible event self-time sum
profile-precision5-torch-cuda-l512-torchprofile,torch:cuda:0,torchprofile,cudaMemsetAsync,2292.1449999865144,1981722.919000538,microseconds,0.1156642524547546,CPU profiler-visible event self-time sum
profile-precision5-torch-cuda-l512-torchprofile,torch:cuda:0,torchprofile,aten::round,2214.6409999877214,1981722.919000538,microseconds,0.11175331216861807,CPU profiler-visible event self-time sum
profile-precision5-torch-cuda-l512-torchprofile,torch:cuda:0,torchprofile,aten::trunc,2034.7159999869764,1981722.919000538,microseconds,0.10267409134134478,CPU profiler-visible event self-time sum
profile-precision5-torch-cuda-l512-torchprofile,torch:cuda:0,torchprofile,aten::fft_ifft,1733.3460000883788,1981722.919000538,microseconds,0.08746661722833454,CPU profiler-visible event self-time sum
profile-precision5-torch-cuda-l512-torchprofile,torch:cuda:0,torchprofile,aten::_fft_c2r,1674.811000002548,1981722.919000538,microseconds,0.08451287432489413,CPU profiler-visible event self-time sum
profile-precision5-torch-cuda-l512-torchprofile,torch:cuda:0,torchprofile,aten::ones_like,1658.6979999691248,1981722.919000538,microseconds,0.08369979395533622,CPU profiler-visible event self-time sum
profile-precision5-torch-cuda-l512-torchprofile,torch:cuda:0,torchprofile,aten::transpose,1644.8440000023693,1981722.919000538,microseconds,0.08300070530707339,CPU profiler-visible event self-time sum
profile-precision5-torch-cuda-l512-torchprofile,torch:cuda:0,torchprofile,aten::empty_like,1590.586999995634,1981722.919000538,microseconds,0.08026283516960234,CPU profiler-visible event self-time sum
profile-precision5-torch-cuda-l512-torchprofile,torch:cuda:0,torchprofile,aten::permute,1385.8320000357926,1981722.919000538,microseconds,0.06993066420883516,CPU profiler-visible event self-time sum
profile-precision5-torch-cuda-l512-torchprofile,torch:cuda:0,torchprofile,aten::index_copy_,1372.702000014484,1981722.919000538,microseconds,0.06926810942403554,CPU profiler-visible event self-time sum
profile-precision5-torch-cuda-l512-torchprofile,torch:cuda:0,torchprofile,aten::full,1362.6699999794364,1981722.919000538,microseconds,0.06876188325392558,CPU profiler-visible event self-time sum
profile-precision5-torch-cuda-l512-torchprofile,torch:cuda:0,torchprofile,aten::clamp_,1339.4750000201166,1981722.919000538,microseconds,0.06759143708625358,CPU profiler-visible event self-time sum
profile-precision5-torch-cuda-l512-torchprofile,torch:cuda:0,torchprofile,aten::zeros,1179.7689999695867,1981722.919000538,microseconds,0.05953249007003417,CPU profiler-visible event self-time sum
profile-precision5-torch-cuda-l512-torchprofile,torch:cuda:0,torchprofile,aten::lift_fresh,1170.6799999605864,1981722.919000538,microseconds,0.059073848757373565,CPU profiler-visible event self-time sum
profile-precision5-torch-cuda-l512-torchprofile,torch:cuda:0,torchprofile,aten::t,1141.4179999753833,1981722.919000538,microseconds,0.05759725484484208,CPU profiler-visible event self-time sum
profile-precision5-torch-cuda-l512-torchprofile,torch:cuda:0,torchprofile,aten::cos,1093.9750000033528,1981722.919000538,microseconds,0.055203226925138855,CPU profiler-visible event self-time sum
profile-precision5-torch-cuda-l512-torchprofile,torch:cuda:0,torchprofile,aten::alias,1072.1299999598414,1981722.919000538,microseconds,0.054100903293814624,CPU profiler-visible event self-time sum
profile-precision5-torch-cuda-l512-torchprofile,torch:cuda:0,torchprofile,aten::as_strided_,1069.093999978155,1981722.919000538,microseconds,0.05394770327010911,CPU profiler-visible event self-time sum
profile-precision5-torch-cuda-l512-torchprofile,torch:cuda:0,torchprofile,aten::_local_scalar_dense,784.5709999911487,1981722.919000538,microseconds,0.03959034799813685,CPU profiler-visible event self-time sum
profile-precision5-torch-cuda-l512-torchprofile,torch:cuda:0,torchprofile,cudaOccupancyMaxActiveBlocksPerMultiprocessorWithFlags,670.4280000142753,1981722.919000538,microseconds,0.033830561961326,CPU profiler-visible event self-time sum
profile-precision5-torch-cuda-l512-torchprofile,torch:cuda:0,torchprofile,aten::stack,660.0570000186563,1981722.919000538,microseconds,0.03330722946634484,CPU profiler-visible event self-time sum
profile-precision5-torch-cuda-l512-torchprofile,torch:cuda:0,torchprofile,cudaPeekAtLastError,636.2559999935329,1981722.919000538,microseconds,0.03210620384379579,CPU profiler-visible event self-time sum
profile-precision5-torch-cuda-l512-torchprofile,torch:cuda:0,torchprofile,aten::expand,601.7490000240505,1981722.919000538,microseconds,0.03036494124655613,CPU profiler-visible event self-time sum
profile-precision5-torch-cuda-l512-torchprofile,torch:cuda:0,torchprofile,aten::imag,521.5399999693036,1981722.919000538,microseconds,0.026317503570697818,CPU profiler-visible event self-time sum
profile-precision5-torch-cuda-l512-torchprofile,torch:cuda:0,torchprofile,aten::nonzero_numpy,453.5869999527931,1981722.919000538,microseconds,0.02288851764309993,CPU profiler-visible event self-time sum
profile-precision5-torch-cuda-l512-torchprofile,torch:cuda:0,torchprofile,aten::unbind,440.1000000219792,1981722.919000538,microseconds,0.022207948235464684,CPU profiler-visible event self-time sum
profile-precision5-torch-cuda-l512-torchprofile,torch:cuda:0,torchprofile,aten::square,433.46900004707277,1981722.919000538,microseconds,0.02187334040955072,CPU profiler-visible event self-time sum
profile-precision5-torch-cuda-l512-torchprofile,torch:cuda:0,torchprofile,aten::contiguous,428.69900002889335,1981722.919000538,microseconds,0.02163264076519352,CPU profiler-visible event self-time sum
profile-precision5-torch-cuda-l512-torchprofile,torch:cuda:0,torchprofile,cudaDeviceGetAttribute,364.0539999771863,1981722.919000538,microseconds,0.018370580290850817,CPU profiler-visible event self-time sum
profile-precision5-torch-cuda-l512-torchprofile,torch:cuda:0,torchprofile,aten::full_like,359.3020000439137,1981722.919000538,microseconds,0.018130788951319393,CPU profiler-visible event self-time sum
profile-precision5-torch-cuda-l512-torchprofile,torch:cuda:0,torchprofile,aten::item,325.91500001214445,1981722.919000538,microseconds,0.016446042829060904,CPU profiler-visible event self-time sum
profile-precision5-torch-cuda-l512-torchprofile,torch:cuda:0,torchprofile,aten::result_type,275.03499996848404,1981722.919000538,microseconds,0.013878579963499397,CPU profiler-visible event self-time sum
profile-precision5-torch-cuda-l512-torchprofile,torch:cuda:0,torchprofile,Buffer Flush,240.01300000026822,1981722.919000538,microseconds,0.012111329878614734,CPU profiler-visible event self-time sum
profile-precision5-torch-cuda-l512-torchprofile,torch:cuda:0,torchprofile,aten::resolve_conj,229.18399996683002,1981722.919000538,microseconds,0.011564886179063653,CPU profiler-visible event self-time sum
profile-precision5-torch-cuda-l512-torchprofile,torch:cuda:0,torchprofile,aten::mul_,212.43200000561774,1981722.919000538,microseconds,0.01071956114393407,CPU profiler-visible event self-time sum
profile-precision5-torch-cuda-l512-torchprofile,torch:cuda:0,torchprofile,aten::resolve_neg,191.53700004518032,1981722.919000538,microseconds,0.009665175600925082,CPU profiler-visible event self-time sum
profile-precision5-torch-cuda-l512-torchprofile,torch:cuda:0,torchprofile,aten::detach_,157.50099996104836,1981722.919000538,microseconds,0.007947680195396963,CPU profiler-visible event self-time sum
profile-precision5-torch-cuda-l512-torchprofile,torch:cuda:0,torchprofile,aten::sort,156.04500000178814,1981722.919000538,microseconds,0.007874208775891225,CPU profiler-visible event self-time sum
profile-precision5-torch-cuda-l512-torchprofile,torch:cuda:0,torchprofile,Instrumentation,130.9970000013709,1981722.919000538,microseconds,0.006610258111534479,CPU profiler-visible event self-time sum
profile-precision5-torch-cuda-l512-torchprofile,torch:cuda:0,torchprofile,detach_,123.09500001370907,1981722.919000538,microseconds,0.006211514174534086,CPU profiler-visible event self-time sum
profile-precision5-torch-cuda-l512-torchprofile,torch:cuda:0,torchprofile,aten::hann_window,96.73199999891222,1981722.919000538,microseconds,0.004881207108796927,CPU profiler-visible event self-time sum
profile-precision5-torch-cuda-l512-torchprofile,torch:cuda:0,torchprofile,aten::fft_rfft,66.66499999910593,1981722.919000538,microseconds,0.0033639919768767546,CPU profiler-visible event self-time sum
profile-precision5-torch-cuda-l512-torchprofile,torch:cuda:0,torchprofile,aten::reciprocal,34.84499999880791,1981722.919000538,microseconds,0.0017583184644390968,CPU profiler-visible event self-time sum
profile-precision5-torch-cuda-l512-torchprofile,torch:cuda:0,torchprofile,aten::unfold,25.398000000044703,1981722.919000538,microseconds,0.0012816120637517746,CPU profiler-visible event self-time sum
profile-precision5-torch-cuda-l512-torchprofile,torch:cuda:0,torchprofile,cudaDeviceSynchronize,11.902999997138977,1981722.919000538,microseconds,0.0006006389633492322,CPU profiler-visible event self-time sum
profile-precision5-torch-cuda-l512-torchprofile,torch:cuda:0,torchprofile,aten::fft_irfft,8.537000000476837,1981722.919000538,microseconds,0.0004307867622978487,CPU profiler-visible event self-time sum
profile-precision5-torch-cuda-l512-torchprofile,torch:cuda:0,torchprofile,cudaGetDeviceCount,0.9620000012218952,1981722.919000538,microseconds,4.854361787908625e-05,CPU profiler-visible event self-time sum
profile-precision5-torch-cuda-l512-torchprofile,torch:cuda:0,torchprofile,cudaGetDeviceProperties,0.8710000012069941,1981722.919000538,microseconds,4.395165403073978e-05,CPU profiler-visible event self-time sum
profile-precision5-torch-cuda-l512-torchprofile,torch:cuda:0,torchprofile,_triton_pointwise_chisq_bin_kernel,291364.7190000117,468803.39399968274,microseconds,62.15072730471931,CUDA profiler-visible event self-time sum
profile-precision5-torch-cuda-l512-torchprofile,torch:cuda:0,torchprofile,exp_kernel_kernel,19143.9369999934,468803.39399968274,microseconds,4.083574744769521,CUDA profiler-visible event self-time sum
profile-precision5-torch-cuda-l512-torchprofile,torch:cuda:0,torchprofile,"void regular_fft_factor<1024u, EPT<16u>, 8u, 0u, (padding_t)14, (twiddle_t)0, (loadstore_modifier_t)2, (layout_t)1, unsigned int, float, HostConfigPlaceholder>(kernel_arguments_t<unsigned int>)",12307.561999991536,468803.39399968274,microseconds,2.6253141844787637,CUDA profiler-visible event self-time sum
profile-precision5-torch-cuda-l512-torchprofile,torch:cuda:0,torchprofile,"void at::native::vectorized_elementwise_kernel<2, at::native::BinaryFunctor<c10::complex<float>, c10::complex<float>, c10::complex<float>, at::native::binary_internal::MulFunctor<c10::complex<float> > >, std::array<char*, 3ul> >(int, at::native::BinaryFunctor<c10::complex<float>, c10::complex<float>, c10::complex<float>, at::native::binary_internal::MulFunctor<c10::complex<float> > >, std::array<char*, 3ul>)",10410.528000071645,468803.39399968274,microseconds,2.2206596908892453,CUDA profiler-visible event self-time sum
profile-precision5-torch-cuda-l512-torchprofile,torch:cuda:0,torchprofile,"void at::native::reduce_kernel<512, 1, at::native::ReduceOp<c10::complex<float>, at::native::func_wrapper_t<c10::complex<float>, at::native::sum_functor<c10::complex<float>, c10::complex<float>, c10::complex<float> >::operator()(at::TensorIterator&)::{lambda(c10::complex<float>, c10::complex<float>)#1}>, unsigned int, c10::complex<float>, 4, 4> >(at::native::ReduceOp<c10::complex<float>, at::native::func_wrapper_t<c10::complex<float>, at::native::sum_functor<c10::complex<float>, c10::complex<float>, c10::complex<float> >::operator()(at::TensorIterator&)::{lambda(c10::complex<float>, c10::complex<float>)#1}>, unsigned int, c10::complex<float>, 4, 4>)",9601.692999960855,468803.39399968274,microseconds,2.0481278768146787,CUDA profiler-visible event self-time sum
profile-precision5-torch-cuda-l512-torchprofile,torch:cuda:0,torchprofile,"void regular_fft_factor<2048u, EPT<16u>, 4u, 0u, (padding_t)14, (twiddle_t)0, (loadstore_modifier_t)2, (layout_t)1, unsigned int, float, HostConfigPlaceholder>(kernel_arguments_t<unsigned int>)",8218.270999908447,468803.39399968274,microseconds,1.753031463742775,CUDA profiler-visible event self-time sum
profile-precision5-torch-cuda-l512-torchprofile,torch:cuda:0,torchprofile,"void at::native::index_elementwise_kernel<128, 4, at::native::gpu_index_kernel<at::native::index_kernel_impl<at::native::OpaqueType<8> >(at::TensorIteratorBase&, c10::ArrayRef<long>, c10::ArrayRef<long>)::{lambda(char*, char const*, long)#1}>(at::TensorIteratorBase&, c10::ArrayRef<long>, c10::ArrayRef<long>, at::native::index_kernel_impl<at::native::OpaqueType<8> >(at::TensorIteratorBase&, c10::ArrayRef<long>, c10::ArrayRef<long>)::{lambda(char*, char const*, long)#1} const&, bool)::{lambda(int)#1}>(long, at::native::gpu_index_kernel<at::native::index_kernel_impl<at::native::OpaqueType<8> >(at::TensorIteratorBase&, c10::ArrayRef<long>, c10::ArrayRef<long>)::{lambda(char*, char const*, long)#1}>(at::TensorIteratorBase&, c10::ArrayRef<long>, c10::ArrayRef<long>, at::native::index_kernel_impl<at::native::OpaqueType<8> >(at::TensorIteratorBase&, c10::ArrayRef<long>, c10::ArrayRef<long>)::{lambda(char*, char const*, long)#1} const&, bool)::{lambda(int)#1})",7141.352999974042,468803.39399968274,microseconds,1.5233151234350653,CUDA profiler-visible event self-time sum
profile-precision5-torch-cuda-l512-torchprofile,torch:cuda:0,torchprofile,"void at::native::vectorized_elementwise_kernel<2, at::native::BinaryFunctor<double, double, double, at::native::binary_internal::MulFunctor<double> >, std::array<char*, 3ul> >(int, at::native::BinaryFunctor<double, double, double, at::native::binary_internal::MulFunctor<double> >, std::array<char*, 3ul>)",7022.716000022367,468803.39399968274,microseconds,1.4980087793534873,CUDA profiler-visible event self-time sum
profile-precision5-torch-cuda-l512-torchprofile,torch:cuda:0,torchprofile,"void at::native::vectorized_elementwise_kernel<2, at::native::AUnaryFunctor<c10::complex<float>, c10::complex<float>, c10::complex<float>, at::native::binary_internal::MulFunctor<c10::complex<float> > >, std::array<char*, 2ul> >(int, at::native::AUnaryFunctor<c10::complex<float>, c10::complex<float>, c10::complex<float>, at::native::binary_internal::MulFunctor<c10::complex<float> > >, std::array<char*, 2ul>)",5477.034000061452,468803.39399968274,microseconds,1.168300842136215,CUDA profiler-visible event self-time sum
profile-precision5-torch-cuda-l512-torchprofile,torch:cuda:0,torchprofile,"void at::native::vectorized_elementwise_kernel<2, at::native::conj_kernel_cuda(at::TensorIteratorBase&)::{lambda()#2}::operator()() const::{lambda()#12}::operator()() const::{lambda(c10::complex<float>)#1}, std::array<char*, 2ul> >(int, at::native::conj_kernel_cuda(at::TensorIteratorBase&)::{lambda()#2}::operator()() const::{lambda()#12}::operator()() const::{lambda(c10::complex<float>)#1}, std::array<char*, 2ul>)",5333.319000013173,468803.39399968274,microseconds,1.137645134031769,CUDA profiler-visible event self-time sum
profile-precision5-torch-cuda-l512-torchprofile,torch:cuda:0,torchprofile,"void at::native::_scatter_gather_elementwise_kernel<128, 8, at::native::_cuda_scatter_gather_internal_kernel<false, at::native::OpaqueType<8>, long>::operator()<at::native::TensorAssign>(at::TensorIterator&, long, long, long, at::native::TensorAssign const&)::{lambda(int)#1}>(int, at::native::_cuda_scatter_gather_internal_kernel<false, at::native::OpaqueType<8>, long>::operator()<at::native::TensorAssign>(at::TensorIterator&, long, long, long, at::native::TensorAssign const&)::{lambda(int)#1})",5104.780000036582,468803.39399968274,microseconds,1.0888957002815634,CUDA profiler-visible event self-time sum
profile-precision5-torch-cuda-l512-torchprofile,torch:cuda:0,torchprofile,Memcpy HtoD (Pageable -> Device),4994.854999924079,468803.39399968274,microseconds,1.0654477044864268,CUDA profiler-visible event self-time sum
profile-precision5-torch-cuda-l512-torchprofile,torch:cuda:0,torchprofile,"void at::native::reduce_kernel<512, 1, at::native::ReduceOp<double, at::native::func_wrapper_t<double, at::native::sum_functor<double, double, double>::operator()(at::TensorIterator&)::{lambda(double, double)#1}>, unsigned int, double, 4, 4> >(at::native::ReduceOp<double, at::native::func_wrapper_t<double, at::native::sum_functor<double, double, double>::operator()(at::TensorIterator&)::{lambda(double, double)#1}>, unsigned int, double, 4, 4>)",4775.658000027761,468803.39399968274,microseconds,1.0186910037667076,CUDA profiler-visible event self-time sum
profile-precision5-torch-cuda-l512-torchprofile,torch:cuda:0,torchprofile,"void at::native::unrolled_elementwise_kernel<at::native::direct_copy_kernel_cuda(at::TensorIteratorBase&)::{lambda()#3}::operator()() const::{lambda()#6}::operator()() const::{lambda(double)#1}, std::array<char*, 2ul>, 4, TrivialOffsetCalculator<1, unsigned int>, TrivialOffsetCalculator<1, unsigned int>, at::native::memory::LoadWithCast<1>, at::native::memory::StoreWithCast<1> >(int, at::native::direct_copy_kernel_cuda(at::TensorIteratorBase&)::{lambda()#3}::operator()() const::{lambda()#6}::operator()() const::{lambda(double)#1}, std::array<char*, 2ul>, TrivialOffsetCalculator<1, unsigned int>, TrivialOffsetCalculator<1, unsigned int>, at::native::memory::LoadWithCast<1>, at::native::memory::StoreWithCast<1>)",4669.813999878243,468803.39399968274,microseconds,0.9961135221391769,CUDA profiler-visible event self-time sum
profile-precision5-torch-cuda-l512-torchprofile,torch:cuda:0,torchprofile,Memcpy DtoD (Device -> Device),4142.595999887213,468803.39399968274,microseconds,0.8836531588527742,CUDA profiler-visible event self-time sum
profile-precision5-torch-cuda-l512-torchprofile,torch:cuda:0,torchprofile,"void at::native::elementwise_kernel<128, 2, at::native::gpu_kernel_impl_nocast<at::native::CUDAFunctor_add<double> >(at::TensorIteratorBase&, at::native::CUDAFunctor_add<double> const&)::{lambda(int)#1}>(int, at::native::gpu_kernel_impl_nocast<at::native::CUDAFunctor_add<double> >(at::TensorIteratorBase&, at::native::CUDAFunctor_add<double> const&)::{lambda(int)#1})",3483.726999880746,468803.39399968274,microseconds,0.7431104476780097,CUDA profiler-visible event self-time sum
profile-precision5-torch-cuda-l512-torchprofile,torch:cuda:0,torchprofile,"void at::native::vectorized_elementwise_kernel<2, at::native::sin_kernel_cuda(at::TensorIteratorBase&)::{lambda()#2}::operator()() const::{lambda()#1}::operator()() const::{lambda(double)#1}, std::array<char*, 2ul> >(int, at::native::sin_kernel_cuda(at::TensorIteratorBase&)::{lambda()#2}::operator()() const::{lambda()#1}::operator()() const::{lambda(double)#1}, std::array<char*, 2ul>)",3301.2089999932796,468803.39399968274,microseconds,0.7041777090878983,CUDA profiler-visible event self-time sum
profile-precision5-torch-cuda-l512-torchprofile,torch:cuda:0,torchprofile,"void at::native::vectorized_elementwise_kernel<2, at::native::cos_kernel_cuda(at::TensorIteratorBase&)::{lambda()#2}::operator()() const::{lambda()#1}::operator()() const::{lambda(double)#1}, std::array<char*, 2ul> >(int, at::native::cos_kernel_cuda(at::TensorIteratorBase&)::{lambda()#2}::operator()() const::{lambda()#1}::operator()() const::{lambda(double)#1}, std::array<char*, 2ul>)",3294.8059999700636,468803.39399968274,microseconds,0.7028118913260882,CUDA profiler-visible event self-time sum
profile-precision5-torch-cuda-l512-torchprofile,torch:cuda:0,torchprofile,"void at::native::vectorized_elementwise_kernel<2, at::native::BinaryFunctor<double, double, double, at::native::binary_internal::DivFunctor<double> >, std::array<char*, 3ul> >(int, at::native::BinaryFunctor<double, double, double, at::native::binary_internal::DivFunctor<double> >, std::array<char*, 3ul>)",3236.9909999892116,468803.39399968274,microseconds,0.690479429419703,CUDA profiler-visible event self-time sum
profile-precision5-torch-cuda-l512-torchprofile,torch:cuda:0,torchprofile,"void at::native::(anonymous namespace)::CatArrayBatchedCopy_alignedK_contig<at::native::(anonymous namespace)::OpaqueType<8u>, unsigned int, 2, 128, 1, 16>(at::native::(anonymous namespace)::OpaqueType<8u>*, at::native::(anonymous namespace)::CatArrInputTensorMetadata<at::native::(anonymous namespace)::OpaqueType<8u>, unsigned int, 128, 1>, at::native::(anonymous namespace)::TensorSizeStride<unsigned int, 4u>, int, unsigned int)",2739.855999995023,468803.39399968274,microseconds,0.5844360418595599,CUDA profiler-visible event self-time sum
profile-precision5-torch-cuda-l512-torchprofile,torch:cuda:0,torchprofile,"void at::native::elementwise_kernel<128, 2, at::native::gpu_kernel_impl_nocast<at::native::direct_copy_kernel_cuda(at::TensorIteratorBase&)::{lambda()#3}::operator()() const::{lambda()#7}::operator()() const::{lambda(float)#1}>(at::TensorIteratorBase&, at::native::direct_copy_kernel_cuda(at::TensorIteratorBase&)::{lambda()#3}::operator()() const::{lambda()#7}::operator()() const::{lambda(float)#1} const&)::{lambda(int)#1}>(int, at::native::gpu_kernel_impl_nocast<at::native::direct_copy_kernel_cuda(at::TensorIteratorBase&)::{lambda()#3}::operator()() const::{lambda()#7}::operator()() const::{lambda(float)#1}>(at::TensorIteratorBase&, at::native::direct_copy_kernel_cuda(at::TensorIteratorBase&)::{lambda()#3}::operator()() const::{lambda()#7}::operator()() const::{lambda(float)#1} const&)::{lambda(int)#1})",2495.6610000431538,468803.39399968274,microseconds,0.5323470418486012,CUDA profiler-visible event self-time sum
profile-precision5-torch-cuda-l512-torchprofile,torch:cuda:0,torchprofile,"void at::native::unrolled_elementwise_kernel<at::native::direct_copy_kernel_cuda(at::TensorIteratorBase&)::{lambda()#3}::operator()() const::{lambda()#9}::operator()() const::{lambda(c10::complex<float>)#1}, std::array<char*, 2ul>, 4, TrivialOffsetCalculator<1, unsigned int>, TrivialOffsetCalculator<1, unsigned int>, at::native::memory::LoadWithCast<1>, at::native::memory::StoreWithCast<1> >(int, at::native::direct_copy_kernel_cuda(at::TensorIteratorBase&)::{lambda()#3}::operator()() const::{lambda()#9}::operator()() const::{lambda(c10::complex<float>)#1}, std::array<char*, 2ul>, TrivialOffsetCalculator<1, unsigned int>, TrivialOffsetCalculator<1, unsigned int>, at::native::memory::LoadWithCast<1>, at::native::memory::StoreWithCast<1>)",2488.217000026256,468803.39399968274,microseconds,0.5307591693817686,CUDA profiler-visible event self-time sum
profile-precision5-torch-cuda-l512-torchprofile,torch:cuda:0,torchprofile,_triton_symm_block_reduction_kernel,2382.2249999623746,468803.39399968274,microseconds,0.508150118035192,CUDA profiler-visible event self-time sum
profile-precision5-torch-cuda-l512-torchprofile,torch:cuda:0,torchprofile,"void at::native::reduce_kernel<512, 1, at::native::ReduceOp<float, at::native::func_wrapper_t<float, at::native::sum_functor<float, float, float>::operator()(at::TensorIterator&)::{lambda(float, float)#1}>, unsigned int, float, 4, 4> >(at::native::ReduceOp<float, at::native::func_wrapper_t<float, at::native::sum_functor<float, float, float>::operator()(at::TensorIterator&)::{lambda(float, float)#1}>, unsigned int, float, 4, 4>)",2276.1500000227243,468803.39399968274,microseconds,0.4855233620651357,CUDA profiler-visible event self-time sum
profile-precision5-torch-cuda-l512-torchprofile,torch:cuda:0,torchprofile,"void at::native::vectorized_elementwise_kernel<4, at::native::(anonymous namespace)::pow_tensor_scalar_kernel_impl<float, float>(at::TensorIteratorBase&, float)::{lambda(float)#1}, std::array<char*, 2ul> >(int, at::native::(anonymous namespace)::pow_tensor_scalar_kernel_impl<float, float>(at::TensorIteratorBase&, float)::{lambda(float)#1}, std::array<char*, 2ul>)",2178.945000048727,468803.39399968274,microseconds,0.4647886572361721,CUDA profiler-visible event self-time sum
profile-precision5-torch-cuda-l512-torchprofile,torch:cuda:0,torchprofile,"void at_cuda_detail::cub::detail::select::DeviceSelectSweepKernel<at_cuda_detail::cub::detail::select::policy_hub<long, bool, int, false, (at_cuda_detail::cub::SelectImpl)0>::Policy1000, thrust::THRUST_300001_SM_750_800_860_900_1000_1200_NS::counting_iterator<long, thrust::THRUST_300001_SM_750_800_860_900_1000_1200_NS::use_default, thrust::THRUST_300001_SM_750_800_860_900_1000_1200_NS::use_default, thrust::THRUST_300001_SM_750_800_860_900_1000_1200_NS::use_default>, thrust::THRUST_300001_SM_750_800_860_900_1000_1200_NS::transform_iterator<at::native::(anonymous namespace)::NonZeroOp<bool>, bool const*, thrust::THRUST_300001_SM_750_800_860_900_1000_1200_NS::use_default, thrust::THRUST_300001_SM_750_800_860_900_1000_1200_NS::use_default>, long*, int*, at_cuda_detail::cub::ScanTileState<int, true>, at_cuda_detail::cub::NullType, at_cuda_detail::cub::NullType, int, at_cuda_detail::cub::detail::select::streaming_context_t<long, true>, (at_cuda_detail::cub::SelectImpl)0>(thrust::THRUST_300001_SM_750_800_860_900_1000_1200_NS::counting_iterator<long, thrust::THRUST_300001_SM_750_800_860_900_1000_1200_NS::use_default, thrust::THRUST_300001_SM_750_800_860_900_1000_1200_NS::use_default, thrust::THRUST_300001_SM_750_800_860_900_1000_1200_NS::use_default>, thrust::THRUST_300001_SM_750_800_860_900_1000_1200_NS::transform_iterator<at::native::(anonymous namespace)::NonZeroOp<bool>, bool const*, thrust::THRUST_300001_SM_750_800_860_900_1000_1200_NS::use_default, thrust::THRUST_300001_SM_750_800_860_900_1000_1200_NS::use_default>, long*, int*, at_cuda_detail::cub::ScanTileState<int, true>, at_cuda_detail::cub::NullType, at_cuda_detail::cub::NullType, int, int, at_cuda_detail::cub::detail::select::streaming_context_t<long, true>, at_cuda_detail::cub::detail::vsmem_t)",2126.38999998942,468803.39399968274,microseconds,0.4535782008418777,CUDA profiler-visible event self-time sum
profile-precision5-torch-cuda-l512-torchprofile,torch:cuda:0,torchprofile,"void at::native::unrolled_elementwise_kernel<at::native::BinaryFunctor<c10::complex<float>, c10::complex<float>, c10::complex<float>, at::native::binary_internal::MulFunctor<c10::complex<float> > >, std::array<char*, 3ul>, 4, TrivialOffsetCalculator<2, unsigned int>, TrivialOffsetCalculator<1, unsigned int>, at::native::memory::LoadWithoutCast, at::native::memory::StoreWithoutCast>(int, at::native::BinaryFunctor<c10::complex<float>, c10::complex<float>, c10::complex<float>, at::native::binary_internal::MulFunctor<c10::complex<float> > >, std::array<char*, 3ul>, TrivialOffsetCalculator<2, unsigned int>, TrivialOffsetCalculator<1, unsigned int>, at::native::memory::LoadWithoutCast, at::native::memory::StoreWithoutCast)",2082.6660000383854,468803.39399968274,microseconds,0.444251476566698,CUDA profiler-visible event self-time sum
profile-precision5-torch-cuda-l512-torchprofile,torch:cuda:0,torchprofile,"void at::native::vectorized_elementwise_kernel<2, at::native::FillFunctor<double>, std::array<char*, 1ul> >(int, at::native::FillFunctor<double>, std::array<char*, 1ul>)",1821.4899999853224,468803.39399968274,microseconds,0.388540275795562,CUDA profiler-visible event self-time sum
profile-precision5-torch-cuda-l512-torchprofile,torch:cuda:0,torchprofile,"void at::native::elementwise_kernel<128, 4, at::native::gpu_kernel_impl<at::native::BinaryFunctor<c10::complex<double>, c10::complex<double>, c10::complex<double>, at::native::binary_internal::MulFunctor<c10::complex<double> > > >(at::TensorIteratorBase&, at::native::BinaryFunctor<c10::complex<double>, c10::complex<double>, c10::complex<double>, at::native::binary_internal::MulFunctor<c10::complex<double> > > const&)::{lambda(int)#1}>(int, at::native::gpu_kernel_impl<at::native::BinaryFunctor<c10::complex<double>, c10::complex<double>, c10::complex<double>, at::native::binary_internal::MulFunctor<c10::complex<double> > > >(at::TensorIteratorBase&, at::native::BinaryFunctor<c10::complex<double>, c10::complex<double>, c10::complex<double>, at::native::binary_internal::MulFunctor<c10::complex<double> > > const&)::{lambda(int)#1})",1804.7550000008196,468803.39399968274,microseconds,0.3849705490831069,CUDA profiler-visible event self-time sum
profile-precision5-torch-cuda-l512-torchprofile,torch:cuda:0,torchprofile,"void at::native::unrolled_elementwise_kernel<at::native::BUnaryFunctor<c10::complex<double>, c10::complex<double>, c10::complex<double>, at::native::binary_internal::MulFunctor<c10::complex<double> > >, std::array<char*, 2ul>, 4, TrivialOffsetCalculator<1, unsigned int>, TrivialOffsetCalculator<1, unsigned int>, at::native::memory::LoadWithoutCast, at::native::memory::StoreWithoutCast>(int, at::native::BUnaryFunctor<c10::complex<double>, c10::complex<double>, c10::complex<double>, at::native::binary_internal::MulFunctor<c10::complex<double> > >, std::array<char*, 2ul>, TrivialOffsetCalculator<1, unsigned int>, TrivialOffsetCalculator<1, unsigned int>, at::native::memory::LoadWithoutCast, at::native::memory::StoreWithoutCast)",1796.949999999255,468803.39399968274,microseconds,0.38330567205758564,CUDA profiler-visible event self-time sum
profile-precision5-torch-cuda-l512-torchprofile,torch:cuda:0,torchprofile,"void (anonymous namespace)::elementwise_kernel_with_index<int, at::native::arange_cuda_out(c10::Scalar const&, c10::Scalar const&, c10::Scalar const&, at::Tensor&)::{lambda()#1}::operator()() const::{lambda()#6}::operator()() const::{lambda(long)#1}>(int, at::native::arange_cuda_out(c10::Scalar const&, c10::Scalar const&, c10::Scalar const&, at::Tensor&)::{lambda()#1}::operator()() const::{lambda()#6}::operator()() const::{lambda(long)#1}, function_traits<at::native::arange_cuda_out(c10::Scalar const&, c10::Scalar const&, c10::Scalar const&, at::Tensor&)::{lambda()#1}::operator()() const::{lambda()#6}::operator()() const::{lambda(long)#1}>::result_type*)",1560.4640000015497,468803.39399968274,microseconds,0.332861071394591,CUDA profiler-visible event self-time sum
profile-precision5-torch-cuda-l512-torchprofile,torch:cuda:0,torchprofile,Memcpy DtoH (Device -> Pageable),1483.448999993503,468803.39399968274,microseconds,0.3164330759931544,CUDA profiler-visible event self-time sum
profile-precision5-torch-cuda-l512-torchprofile,torch:cuda:0,torchprofile,"void at::native::vectorized_elementwise_kernel<2, at::native::FillFunctor<c10::complex<float> >, std::array<char*, 1ul> >(int, at::native::FillFunctor<c10::complex<float> >, std::array<char*, 1ul>)",1378.248999984935,468803.39399968274,microseconds,0.29399296541480835,CUDA profiler-visible event self-time sum
profile-precision5-torch-cuda-l512-torchprofile,torch:cuda:0,torchprofile,"void regular_fft_factor<1024u, EPT<8u>, 8u, 0u, (padding_t)6, (twiddle_t)0, (loadstore_modifier_t)2, (layout_t)1, unsigned int, double, HostConfigPlaceholder>(kernel_arguments_t<unsigned int>)",1345.4530000016093,468803.39399968274,microseconds,0.28699728227703913,CUDA profiler-visible event self-time sum
profile-precision5-torch-cuda-l512-torchprofile,torch:cuda:0,torchprofile,"void at::native::vectorized_elementwise_kernel<4, at::native::BinaryFunctor<float, float, float, at::native::binary_internal::MulFunctor<float> >, std::array<char*, 3ul> >(int, at::native::BinaryFunctor<float, float, float, at::native::binary_internal::MulFunctor<float> >, std::array<char*, 3ul>)",1298.168000113219,468803.39399968274,microseconds,0.2769109645383876,CUDA profiler-visible event self-time sum
profile-precision5-torch-cuda-l512-torchprofile,torch:cuda:0,torchprofile,"void at::native::(anonymous namespace)::searchsorted_cuda_kernel<long, long>(long*, long const*, long const*, long const*, long, long, long, bool, bool)",1242.281000001356,468803.39399968274,microseconds,0.2649897624252688,CUDA profiler-visible event self-time sum
profile-precision5-torch-cuda-l512-torchprofile,torch:cuda:0,torchprofile,"void at::native::elementwise_kernel<128, 2, at::native::gpu_kernel_impl_nocast<at::native::BinaryFunctor<float, float, float, at::native::binary_internal::MulFunctor<float> > >(at::TensorIteratorBase&, at::native::BinaryFunctor<float, float, float, at::native::binary_internal::MulFunctor<float> > const&)::{lambda(int)#1}>(int, at::native::gpu_kernel_impl_nocast<at::native::BinaryFunctor<float, float, float, at::native::binary_internal::MulFunctor<float> > >(at::TensorIteratorBase&, at::native::BinaryFunctor<float, float, float, at::native::binary_internal::MulFunctor<float> > const&)::{lambda(int)#1})",1236.226000001654,468803.39399968274,microseconds,0.26369817621296715,CUDA profiler-visible event self-time sum
profile-precision5-torch-cuda-l512-torchprofile,torch:cuda:0,torchprofile,"void at_cuda_detail::cub::detail::scan::DeviceScanKernel<at_cuda_detail::cub::detail::scan::policy_hub<double, double, double, unsigned int, std::plus<double> >::Policy1000, double const*, double*, at_cuda_detail::cub::ScanTileState<double, true>, std::plus<double>, at_cuda_detail::cub::NullType, unsigned int, double, false, at_cuda_detail::cub::NullType>(double const*, double*, at_cuda_detail::cub::ScanTileState<double, true>, int, std::plus<double>, at_cuda_detail::cub::NullType, unsigned int)",1142.2520000021905,468803.39399968274,microseconds,0.24365267287355932,CUDA profiler-visible event self-time sum
profile-precision5-torch-cuda-l512-torchprofile,torch:cuda:0,torchprofile,"void at::native::vectorized_elementwise_kernel<2, at::native::CUDAFunctor_add<double>, std::array<char*, 3ul> >(int, at::native::CUDAFunctor_add<double>, std::array<char*, 3ul>)",1064.7389999851584,468803.39399968274,microseconds,0.22711844957032862,CUDA profiler-visible event self-time sum
profile-precision5-torch-cuda-l512-torchprofile,torch:cuda:0,torchprofile,"void at::native::elementwise_kernel<128, 2, at::native::gpu_kernel_impl_nocast<at::native::CUDAFunctor_add<long> >(at::TensorIteratorBase&, at::native::CUDAFunctor_add<long> const&)::{lambda(int)#1}>(int, at::native::gpu_kernel_impl_nocast<at::native::CUDAFunctor_add<long> >(at::TensorIteratorBase&, at::native::CUDAFunctor_add<long> const&)::{lambda(int)#1})",1060.2970000188798,468803.39399968274,microseconds,0.2261709308400607,CUDA profiler-visible event self-time sum
profile-precision5-torch-cuda-l512-torchprofile,torch:cuda:0,torchprofile,"void regular_fft_factor<256u, EPT<16u>, 8u, 0u, (padding_t)14, (twiddle_t)0, (loadstore_modifier_t)2, (layout_t)1, unsigned int, double, HostConfigPlaceholder>(kernel_arguments_t<unsigned int>)",1024.937999997288,468803.39399968274,microseconds,0.21862853663512122,CUDA profiler-visible event self-time sum
profile-precision5-torch-cuda-l512-torchprofile,torch:cuda:0,torchprofile,"void at::native::unrolled_elementwise_kernel<at::native::(anonymous namespace)::complex_kernel_cuda(at::TensorIterator&)::{lambda()#1}::operator()() const::{lambda()#1}::operator()() const::{lambda(double, double)#1}, std::array<char*, 3ul>, 4, TrivialOffsetCalculator<2, unsigned int>, TrivialOffsetCalculator<1, unsigned int>, at::native::memory::LoadWithoutCast, at::native::memory::StoreWithoutCast>(int, at::native::(anonymous namespace)::complex_kernel_cuda(at::TensorIterator&)::{lambda()#1}::operator()() const::{lambda()#1}::operator()() const::{lambda(double, double)#1}, std::array<char*, 3ul>, TrivialOffsetCalculator<2, unsigned int>, TrivialOffsetCalculator<1, unsigned int>, at::native::memory::LoadWithoutCast, at::native::memory::StoreWithoutCast)",963.5559999812394,468803.39399968274,microseconds,0.2055352013901784,CUDA profiler-visible event self-time sum
profile-precision5-torch-cuda-l512-torchprofile,torch:cuda:0,torchprofile,"void at::native::vectorized_elementwise_kernel<2, at::native::AUnaryFunctor<double, double, double, at::native::binary_internal::MulFunctor<double> >, std::array<char*, 2ul> >(int, at::native::AUnaryFunctor<double, double, double, at::native::binary_internal::MulFunctor<double> >, std::array<char*, 2ul>)",829.7320000007749,468803.39399968274,microseconds,0.17698933297426947,CUDA profiler-visible event self-time sum
profile-precision5-torch-cuda-l512-torchprofile,torch:cuda:0,torchprofile,"void (anonymous namespace)::elementwise_kernel_with_index<int, at::native::arange_cuda_out(c10::Scalar const&, c10::Scalar const&, c10::Scalar const&, at::Tensor&)::{lambda()#1}::operator()() const::{lambda()#4}::operator()() const::{lambda(long)#1}>(int, at::native::arange_cuda_out(c10::Scalar const&, c10::Scalar const&, c10::Scalar const&, at::Tensor&)::{lambda()#1}::operator()() const::{lambda()#4}::operator()() const::{lambda(long)#1}, function_traits<at::native::arange_cuda_out(c10::Scalar const&, c10::Scalar const&, c10::Scalar const&, at::Tensor&)::{lambda()#1}::operator()() const::{lambda()#4}::operator()() const::{lambda(long)#1}>::result_type*)",824.3970000110567,468803.39399968274,microseconds,0.17585132926994435,CUDA profiler-visible event self-time sum
profile-precision5-torch-cuda-l512-torchprofile,torch:cuda:0,torchprofile,Memcpy DtoH (Device -> Pinned),759.2419999912381,468803.39399968274,microseconds,0.16195317903175246,CUDA profiler-visible event self-time sum
profile-precision5-torch-cuda-l512-torchprofile,torch:cuda:0,torchprofile,"void at_cuda_detail::cub::detail::reduce::DeviceReduceSingleTileKernel<at_cuda_detail::cub::detail::reduce::policy_hub<int, unsigned long long, cuda::std::__4::plus<void> >::Policy1000, thrust::THRUST_300001_SM_750_800_860_900_1000_1200_NS::transform_iterator<at::native::(anonymous namespace)::NonZeroOp<bool>, bool const*, thrust::THRUST_300001_SM_750_800_860_900_1000_1200_NS::use_default, thrust::THRUST_300001_SM_750_800_860_900_1000_1200_NS::use_default>, int*, unsigned long long, cuda::std::__4::plus<void>, int, int, cuda::std::__4::__identity>(thrust::THRUST_300001_SM_750_800_860_900_1000_1200_NS::transform_iterator<at::native::(anonymous namespace)::NonZeroOp<bool>, bool const*, thrust::THRUST_300001_SM_750_800_860_900_1000_1200_NS::use_default, thrust::THRUST_300001_SM_750_800_860_900_1000_1200_NS::use_default>, int*, unsigned long long, cuda::std::__4::plus<void>, int, cuda::std::__4::__identity)",694.6599999982864,468803.39399968274,microseconds,0.14817725487686134,CUDA profiler-visible event self-time sum
profile-precision5-torch-cuda-l512-torchprofile,torch:cuda:0,torchprofile,"void at::native::vectorized_elementwise_kernel<2, at::native::FillFunctor<long>, std::array<char*, 1ul> >(int, at::native::FillFunctor<long>, std::array<char*, 1ul>)",682.1739999409765,468803.39399968274,microseconds,0.1455138782424084,CUDA profiler-visible event self-time sum
profile-precision5-torch-cuda-l512-torchprofile,torch:cuda:0,torchprofile,"void at::native::index_elementwise_kernel<128, 4, at::native::index_copy_kernel_impl<at::native::OpaqueType<8> >(at::TensorIterator&, long, long, long)::{lambda(int)#1}>(long, at::native::index_copy_kernel_impl<at::native::OpaqueType<8> >(at::TensorIterator&, long, long, long)::{lambda(int)#1})",660.0099999941885,468803.39399968274,microseconds,0.14078609678210546,CUDA profiler-visible event self-time sum
profile-precision5-torch-cuda-l512-torchprofile,torch:cuda:0,torchprofile,"void at::native::vectorized_elementwise_kernel<4, at::native::BinaryFunctor<float, float, float, at::native::binary_internal::DivFunctor<float> >, std::array<char*, 3ul> >(int, at::native::BinaryFunctor<float, float, float, at::native::binary_internal::DivFunctor<float> >, std::array<char*, 3ul>)",614.5590000152588,468803.39399968274,microseconds,0.13109098779597886,CUDA profiler-visible event self-time sum
profile-precision5-torch-cuda-l512-torchprofile,torch:cuda:0,torchprofile,"void at::native::warpMergeSortKVInPlace<2, -1, 128, 16, double, long, at::native::LTOp<double, true>, unsigned int, 32>(at::cuda::detail::TensorInfo<double, unsigned int>, unsigned int, unsigned int, unsigned int, at::cuda::detail::TensorInfo<long, unsigned int>, unsigned int, at::native::LTOp<double, true>, double)",580.1970000006258,468803.39399968274,microseconds,0.1237612627013145,CUDA profiler-visible event self-time sum
profile-precision5-torch-cuda-l512-torchprofile,torch:cuda:0,torchprofile,"void at_cuda_detail::cub::detail::scan::DeviceCompactInitKernel<at_cuda_detail::cub::ScanTileState<int, true>, int*>(at_cuda_detail::cub::ScanTileState<int, true>, int, int*)",574.560000019148,468803.39399968274,microseconds,0.12255883966990581,CUDA profiler-visible event self-time sum
profile-precision5-torch-cuda-l512-torchprofile,torch:cuda:0,torchprofile,"void at::native::vectorized_elementwise_kernel<4, at::native::AUnaryFunctor<long, long, bool, at::native::(anonymous namespace)::CompareEqFunctor<long> >, std::array<char*, 2ul> >(int, at::native::AUnaryFunctor<long, long, bool, at::native::(anonymous namespace)::CompareEqFunctor<long> >, std::array<char*, 2ul>)",563.3630000129342,468803.39399968274,microseconds,0.12017041839362526,CUDA profiler-visible event self-time sum
profile-precision5-torch-cuda-l512-torchprofile,torch:cuda:0,torchprofile,_triton_symm_mask_tensor_kernel,554.5900000110269,468803.39399968274,microseconds,0.11829905822128117,CUDA profiler-visible event self-time sum
profile-precision5-torch-cuda-l512-torchprofile,torch:cuda:0,torchprofile,"void at::native::vectorized_elementwise_kernel<2, at::native::(anonymous namespace)::masked_fill_kernel(at::TensorIterator&, c10::Scalar const&)::{lambda()#1}::operator()() const::{lambda()#4}::operator()() const::{lambda(long, bool)#1}, std::array<char*, 3ul> >(int, at::native::(anonymous namespace)::masked_fill_kernel(at::TensorIterator&, c10::Scalar const&)::{lambda()#1}::operator()() const::{lambda()#4}::operator()() const::{lambda(long, bool)#1}, std::array<char*, 3ul>)",552.3259999901056,468803.39399968274,microseconds,0.11781612655954436,CUDA profiler-visible event self-time sum
profile-precision5-torch-cuda-l512-torchprofile,torch:cuda:0,torchprofile,"void at::native::vectorized_elementwise_kernel<2, at::native::(anonymous namespace)::launch_clamp_scalar(at::TensorIteratorBase&, c10::Scalar, c10::Scalar, at::native::detail::ClampLimits)::{lambda()#1}::operator()() const::{lambda()#4}::operator()() const::{lambda(long)#1}, std::array<char*, 2ul> >(int, at::native::(anonymous namespace)::launch_clamp_scalar(at::TensorIteratorBase&, c10::Scalar, c10::Scalar, at::native::detail::ClampLimits)::{lambda()#1}::operator()() const::{lambda()#4}::operator()() const::{lambda(long)#1}, std::array<char*, 2ul>)",538.9820000287145,468803.39399968274,microseconds,0.1149697307927509,CUDA profiler-visible event self-time sum
profile-precision5-torch-cuda-l512-torchprofile,torch:cuda:0,torchprofile,"void postprocess_kernel<double, unsigned int, (loadstore_modifier_t)2>(real_complex_args_t<unsigned int>)",514.2120000030845,468803.39399968274,microseconds,0.10968606596807884,CUDA profiler-visible event self-time sum
profile-precision5-torch-cuda-l512-torchprofile,torch:cuda:0,torchprofile,"void at::native::unrolled_elementwise_kernel<at::native::direct_copy_kernel_cuda(at::TensorIteratorBase&)::{lambda()#3}::operator()() const::{lambda()#7}::operator()() const::{lambda(float)#1}, std::array<char*, 2ul>, 4, TrivialOffsetCalculator<1, unsigned int>, TrivialOffsetCalculator<1, unsigned int>, at::native::memory::LoadWithCast<1>, at::native::memory::StoreWithCast<1> >(int, at::native::direct_copy_kernel_cuda(at::TensorIteratorBase&)::{lambda()#3}::operator()() const::{lambda()#7}::operator()() const::{lambda(float)#1}, std::array<char*, 2ul>, TrivialOffsetCalculator<1, unsigned int>, TrivialOffsetCalculator<1, unsigned int>, at::native::memory::LoadWithCast<1>, at::native::memory::StoreWithCast<1>)",457.4399999845773,468803.39399968274,microseconds,0.09757608537810349,CUDA profiler-visible event self-time sum
profile-precision5-torch-cuda-l512-torchprofile,torch:cuda:0,torchprofile,"void at::native::vectorized_elementwise_kernel<2, at::native::AbsFunctor<double>, std::array<char*, 2ul> >(int, at::native::AbsFunctor<double>, std::array<char*, 2ul>)",429.69200001098216,468803.39399968274,microseconds,0.0916571862556253,CUDA profiler-visible event self-time sum
profile-precision5-torch-cuda-l512-torchprofile,torch:cuda:0,torchprofile,"void at::native::(anonymous namespace)::searchsorted_cuda_kernel<double, long>(long*, double const*, double const*, long const*, long, long, long, bool, bool)",391.2029999885708,468803.39399968274,microseconds,0.08344713476814879,CUDA profiler-visible event self-time sum
profile-precision5-torch-cuda-l512-torchprofile,torch:cuda:0,torchprofile,"void at::native::elementwise_kernel<128, 4, at::native::gpu_kernel_impl_nocast<at::native::(anonymous namespace)::CompareFunctor<long> >(at::TensorIteratorBase&, at::native::(anonymous namespace)::CompareFunctor<long> const&)::{lambda(int)#1}>(int, at::native::gpu_kernel_impl_nocast<at::native::(anonymous namespace)::CompareFunctor<long> >(at::TensorIteratorBase&, at::native::(anonymous namespace)::CompareFunctor<long> const&)::{lambda(int)#1})",374.85000000707805,468803.39399968274,microseconds,0.07995889210804898,CUDA profiler-visible event self-time sum
profile-precision5-torch-cuda-l512-torchprofile,torch:cuda:0,torchprofile,"void at_cuda_detail::cub::detail::reduce::DeviceReduceKernel<at_cuda_detail::cub::detail::reduce::policy_hub<int, unsigned long long, cuda::std::__4::plus<void> >::Policy1000, thrust::THRUST_300001_SM_750_800_860_900_1000_1200_NS::transform_iterator<at::native::(anonymous namespace)::NonZeroOp<bool>, bool const*, thrust::THRUST_300001_SM_750_800_860_900_1000_1200_NS::use_default, thrust::THRUST_300001_SM_750_800_860_900_1000_1200_NS::use_default>, unsigned long long, cuda::std::__4::plus<void>, int, cuda::std::__4::__identity>(thrust::THRUST_300001_SM_750_800_860_900_1000_1200_NS::transform_iterator<at::native::(anonymous namespace)::NonZeroOp<bool>, bool const*, thrust::THRUST_300001_SM_750_800_860_900_1000_1200_NS::use_default, thrust::THRUST_300001_SM_750_800_860_900_1000_1200_NS::use_default>, int*, unsigned long long, at_cuda_detail::cub::GridEvenShare<unsigned long long>, cuda::std::__4::plus<void>, cuda::std::__4::__identity)",359.6510000322014,468803.39399968274,microseconds,0.07671680807678725,CUDA profiler-visible event self-time sum
profile-precision5-torch-cuda-l512-torchprofile,torch:cuda:0,torchprofile,"void at::native::unrolled_elementwise_kernel<at::native::direct_copy_kernel_cuda(at::TensorIteratorBase&)::{lambda()#3}::operator()() const::{lambda()#4}::operator()() const::{lambda(long)#1}, std::array<char*, 2ul>, 4, TrivialOffsetCalculator<1, unsigned int>, TrivialOffsetCalculator<1, unsigned int>, at::native::memory::LoadWithCast<1>, at::native::memory::StoreWithCast<1> >(int, at::native::direct_copy_kernel_cuda(at::TensorIteratorBase&)::{lambda()#3}::operator()() const::{lambda()#4}::operator()() const::{lambda(long)#1}, std::array<char*, 2ul>, TrivialOffsetCalculator<1, unsigned int>, TrivialOffsetCalculator<1, unsigned int>, at::native::memory::LoadWithCast<1>, at::native::memory::StoreWithCast<1>)",335.3659999910742,468803.39399968274,microseconds,0.07153659813122026,CUDA profiler-visible event self-time sum
profile-precision5-torch-cuda-l512-torchprofile,torch:cuda:0,torchprofile,"void at::native::elementwise_kernel<128, 2, at::native::gpu_kernel_impl_nocast<at::native::BinaryFunctor<double, double, double, at::native::binary_internal::MulFunctor<double> > >(at::TensorIteratorBase&, at::native::BinaryFunctor<double, double, double, at::native::binary_internal::MulFunctor<double> > const&)::{lambda(int)#1}>(int, at::native::gpu_kernel_impl_nocast<at::native::BinaryFunctor<double, double, double, at::native::binary_internal::MulFunctor<double> > >(at::TensorIteratorBase&, at::native::BinaryFunctor<double, double, double, at::native::binary_internal::MulFunctor<double> > const&)::{lambda(int)#1})",320.76799998804927,468803.39399968274,microseconds,0.06842271282452925,CUDA profiler-visible event self-time sum
profile-precision5-torch-cuda-l512-torchprofile,torch:cuda:0,torchprofile,"void at::native::vectorized_elementwise_kernel<2, at::native::BinaryFunctor<double, double, double, at::native::maximum_kernel_cuda(at::TensorIteratorBase&)::{lambda()#2}::operator()() const::{lambda()#1}::operator()() const::{lambda(double, double)#1}>, std::array<char*, 3ul> >(int, at::native::BinaryFunctor<double, double, double, at::native::maximum_kernel_cuda(at::TensorIteratorBase&)::{lambda()#2}::operator()() const::{lambda()#1}::operator()() const::{lambda(double, double)#1}>, std::array<char*, 3ul>)",306.2099999859929,468803.39399968274,microseconds,0.06531735987948077,CUDA profiler-visible event self-time sum
profile-precision5-torch-cuda-l512-torchprofile,torch:cuda:0,torchprofile,"void at::native::unrolled_elementwise_kernel<at::native::AUnaryFunctor<c10::complex<double>, c10::complex<double>, c10::complex<double>, at::native::binary_internal::MulFunctor<c10::complex<double> > >, std::array<char*, 2ul>, 4, TrivialOffsetCalculator<1, unsigned int>, TrivialOffsetCalculator<1, unsigned int>, at::native::memory::LoadWithCast<1>, at::native::memory::StoreWithCast<1> >(int, at::native::AUnaryFunctor<c10::complex<double>, c10::complex<double>, c10::complex<double>, at::native::binary_internal::MulFunctor<c10::complex<double> > >, std::array<char*, 2ul>, TrivialOffsetCalculator<1, unsigned int>, TrivialOffsetCalculator<1, unsigned int>, at::native::memory::LoadWithCast<1>, at::native::memory::StoreWithCast<1>)",289.98900002613664,468803.39399968274,microseconds,0.061857274016734805,CUDA profiler-visible event self-time sum
profile-precision5-torch-cuda-l512-torchprofile,torch:cuda:0,torchprofile,"void at::native::unrolled_elementwise_kernel<at::native::AUnaryFunctor<c10::complex<double>, c10::complex<double>, c10::complex<double>, at::native::binary_internal::MulFunctor<c10::complex<double> > >, std::array<char*, 2ul>, 4, TrivialOffsetCalculator<1, unsigned int>, TrivialOffsetCalculator<1, unsigned int>, at::native::memory::LoadWithoutCast, at::native::memory::StoreWithoutCast>(int, at::native::AUnaryFunctor<c10::complex<double>, c10::complex<double>, c10::complex<double>, at::native::binary_internal::MulFunctor<c10::complex<double> > >, std::array<char*, 2ul>, TrivialOffsetCalculator<1, unsigned int>, TrivialOffsetCalculator<1, unsigned int>, at::native::memory::LoadWithoutCast, at::native::memory::StoreWithoutCast)",289.1540000010282,468803.39399968274,microseconds,0.061679160966403725,CUDA profiler-visible event self-time sum
profile-precision5-torch-cuda-l512-torchprofile,torch:cuda:0,torchprofile,"void at::native::vectorized_elementwise_kernel<4, at::native::(anonymous namespace)::CompareFunctor<double>, std::array<char*, 3ul> >(int, at::native::(anonymous namespace)::CompareFunctor<double>, std::array<char*, 3ul>)",283.6509999539703,468803.39399968274,microseconds,0.06050532133181661,CUDA profiler-visible event self-time sum
profile-precision5-torch-cuda-l512-torchprofile,torch:cuda:0,torchprofile,"void at::native::elementwise_kernel<128, 2, at::native::gpu_kernel_impl_nocast<at::native::addcmul_cuda_kernel(at::TensorIteratorBase&, c10::Scalar const&)::{lambda()#2}::operator()() const::{lambda()#6}::operator()() const::{lambda(double, double, double)#1}>(at::TensorIteratorBase&, at::native::addcmul_cuda_kernel(at::TensorIteratorBase&, c10::Scalar const&)::{lambda()#2}::operator()() const::{lambda()#6}::operator()() const::{lambda(double, double, double)#1} const&)::{lambda(int)#1}>(int, at::native::gpu_kernel_impl_nocast<at::native::addcmul_cuda_kernel(at::TensorIteratorBase&, c10::Scalar const&)::{lambda()#2}::operator()() const::{lambda()#6}::operator()() const::{lambda(double, double, double)#1}>(at::TensorIteratorBase&, at::native::addcmul_cuda_kernel(at::TensorIteratorBase&, c10::Scalar const&)::{lambda()#2}::operator()() const::{lambda()#6}::operator()() const::{lambda(double, double, double)#1} const&)::{lambda(int)#1})",273.410000000149,468803.39399968274,microseconds,0.058320823505030775,CUDA profiler-visible event self-time sum
profile-precision5-torch-cuda-l512-torchprofile,torch:cuda:0,torchprofile,"void at::native::vectorized_elementwise_kernel<2, at::native::(anonymous namespace)::where_kernel_impl(at::TensorIterator&)::{lambda()#1}::operator()() const::{lambda()#4}::operator()() const::{lambda(bool, unsigned long, unsigned long)#1}, std::array<char*, 4ul> >(int, at::native::(anonymous namespace)::where_kernel_impl(at::TensorIterator&)::{lambda()#1}::operator()() const::{lambda()#4}::operator()() const::{lambda(bool, unsigned long, unsigned long)#1}, std::array<char*, 4ul>)",246.62199997156858,468803.39399968274,microseconds,0.05260670104528627,CUDA profiler-visible event self-time sum
profile-precision5-torch-cuda-l512-torchprofile,torch:cuda:0,torchprofile,"void at::native::vectorized_elementwise_kernel<4, at::native::FillFunctor<float>, std::array<char*, 1ul> >(int, at::native::FillFunctor<float>, std::array<char*, 1ul>)",245.82599999196827,468803.39399968274,microseconds,0.052436907057062526,CUDA profiler-visible event self-time sum
profile-precision5-torch-cuda-l512-torchprofile,torch:cuda:0,torchprofile,"void at_cuda_detail::cub::detail::reduce::DeviceReduceSingleTileKernel<at_cuda_detail::cub::detail::reduce::policy_hub<int, unsigned long long, cuda::std::__4::plus<void> >::Policy1000, int*, int*, int, cuda::std::__4::plus<void>, int, int, cuda::std::__4::__identity>(int*, int*, int, cuda::std::__4::plus<void>, int, cuda::std::__4::__identity)",241.05700000189245,468803.39399968274,microseconds,0.051419636266979665,CUDA profiler-visible event self-time sum
profile-precision5-torch-cuda-l512-torchprofile,torch:cuda:0,torchprofile,"void at::native::vectorized_elementwise_kernel<2, at::native::round_kernel_cuda(at::TensorIteratorBase&)::{lambda()#1}::operator()() const::{lambda()#1}::operator()() const::{lambda(double)#1}, std::array<char*, 2ul> >(int, at::native::round_kernel_cuda(at::TensorIteratorBase&)::{lambda()#1}::operator()() const::{lambda()#1}::operator()() const::{lambda(double)#1}, std::array<char*, 2ul>)",234.3819999732077,468803.39399968274,microseconds,0.04999579844623871,CUDA profiler-visible event self-time sum
profile-precision5-torch-cuda-l512-torchprofile,torch:cuda:0,torchprofile,"void at::native::vectorized_elementwise_kernel<2, at::native::trunc_kernel_cuda(at::TensorIteratorBase&)::{lambda()#1}::operator()() const::{lambda()#1}::operator()() const::{lambda(double)#1}, std::array<char*, 2ul> >(int, at::native::trunc_kernel_cuda(at::TensorIteratorBase&)::{lambda()#1}::operator()() const::{lambda()#1}::operator()() const::{lambda(double)#1}, std::array<char*, 2ul>)",231.466000020504,468803.39399968274,microseconds,0.04937378930764751,CUDA profiler-visible event self-time sum
profile-precision5-torch-cuda-l512-torchprofile,torch:cuda:0,torchprofile,"void at::native::elementwise_kernel<128, 2, at::native::gpu_kernel_impl_nocast<at::native::(anonymous namespace)::pow_tensor_tensor_kernel(at::TensorIteratorBase&)::{lambda()#1}::operator()() const::{lambda()#8}::operator()() const::{lambda(c10::complex<double>, c10::complex<double>)#1}>(at::TensorIteratorBase&, at::native::(anonymous namespace)::pow_tensor_tensor_kernel(at::TensorIteratorBase&)::{lambda()#1}::operator()() const::{lambda()#8}::operator()() const::{lambda(c10::complex<double>, c10::complex<double>)#1} const&)::{lambda(int)#1}>(int, at::native::gpu_kernel_impl_nocast<at::native::(anonymous namespace)::pow_tensor_tensor_kernel(at::TensorIteratorBase&)::{lambda()#1}::operator()() const::{lambda()#8}::operator()() const::{lambda(c10::complex<double>, c10::complex<double>)#1}>(at::TensorIteratorBase&, at::native::(anonymous namespace)::pow_tensor_tensor_kernel(at::TensorIteratorBase&)::{lambda()#1}::operator()() const::{lambda()#8}::operator()() const::{lambda(c10::complex<double>, c10::complex<double>)#1} const&)::{lambda(int)#1})",220.2580000013113,468803.39399968274,microseconds,0.04698302162920356,CUDA profiler-visible event self-time sum
profile-precision5-torch-cuda-l512-torchprofile,torch:cuda:0,torchprofile,"void at::native::vectorized_elementwise_kernel<2, at::native::CUDAFunctor_add<long>, std::array<char*, 3ul> >(int, at::native::CUDAFunctor_add<long>, std::array<char*, 3ul>)",186.3410000167787,468803.39399968274,microseconds,0.039748219061934695,CUDA profiler-visible event self-time sum
profile-precision5-torch-cuda-l512-torchprofile,torch:cuda:0,torchprofile,"void at::native::elementwise_kernel<128, 2, at::native::gpu_kernel_impl_nocast<at::native::BinaryFunctor<c10::complex<float>, c10::complex<float>, c10::complex<float>, at::native::binary_internal::MulFunctor<c10::complex<float> > > >(at::TensorIteratorBase&, at::native::BinaryFunctor<c10::complex<float>, c10::complex<float>, c10::complex<float>, at::native::binary_internal::MulFunctor<c10::complex<float> > > const&)::{lambda(int)#1}>(int, at::native::gpu_kernel_impl_nocast<at::native::BinaryFunctor<c10::complex<float>, c10::complex<float>, c10::complex<float>, at::native::binary_internal::MulFunctor<c10::complex<float> > > >(at::TensorIteratorBase&, at::native::BinaryFunctor<c10::complex<float>, c10::complex<float>, c10::complex<float>, at::native::binary_internal::MulFunctor<c10::complex<float> > > const&)::{lambda(int)#1})",185.3149999883026,468803.39399968274,microseconds,0.03952936398502866,CUDA profiler-visible event self-time sum
profile-precision5-torch-cuda-l512-torchprofile,torch:cuda:0,torchprofile,"void at::native::elementwise_kernel<128, 2, at::native::gpu_kernel_impl_nocast<at::native::CUDAFunctor_add<float> >(at::TensorIteratorBase&, at::native::CUDAFunctor_add<float> const&)::{lambda(int)#1}>(int, at::native::gpu_kernel_impl_nocast<at::native::CUDAFunctor_add<float> >(at::TensorIteratorBase&, at::native::CUDAFunctor_add<float> const&)::{lambda(int)#1})",185.0849999859929,468803.39399968274,microseconds,0.03948030290627934,CUDA profiler-visible event self-time sum
profile-precision5-torch-cuda-l512-torchprofile,torch:cuda:0,torchprofile,"void at::native::elementwise_kernel<128, 2, at::native::gpu_kernel_impl_nocast<at::native::AUnaryFunctor<float, float, float, at::native::binary_internal::MulFunctor<float> > >(at::TensorIteratorBase&, at::native::AUnaryFunctor<float, float, float, at::native::binary_internal::MulFunctor<float> > const&)::{lambda(int)#1}>(int, at::native::gpu_kernel_impl_nocast<at::native::AUnaryFunctor<float, float, float, at::native::binary_internal::MulFunctor<float> > >(at::TensorIteratorBase&, at::native::AUnaryFunctor<float, float, float, at::native::binary_internal::MulFunctor<float> > const&)::{lambda(int)#1})",184.00099999830127,468803.39399968274,microseconds,0.039249075913990884,CUDA profiler-visible event self-time sum
profile-precision5-torch-cuda-l512-torchprofile,torch:cuda:0,torchprofile,"void at::native::vectorized_elementwise_kernel<4, at::native::AUnaryFunctor<float, float, float, at::native::binary_internal::MulFunctor<float> >, std::array<char*, 2ul> >(int, at::native::AUnaryFunctor<float, float, float, at::native::binary_internal::MulFunctor<float> >, std::array<char*, 2ul>)",175.1690000165254,468803.39399968274,microseconds,0.037365130512823024,CUDA profiler-visible event self-time sum
profile-precision5-torch-cuda-l512-torchprofile,torch:cuda:0,torchprofile,"void at::native::vectorized_elementwise_kernel<4, at::native::CUDAFunctor_add<float>, std::array<char*, 3ul> >(int, at::native::CUDAFunctor_add<float>, std::array<char*, 3ul>)",172.64399999007583,468803.39399968274,microseconds,0.03682652519153747,CUDA profiler-visible event self-time sum
profile-precision5-torch-cuda-l512-torchprofile,torch:cuda:0,torchprofile,"void at::native::unrolled_elementwise_kernel<at::native::BUnaryFunctor<double, double, double, at::native::binary_internal::MulFunctor<double> >, std::array<char*, 2ul>, 4, TrivialOffsetCalculator<1, unsigned int>, TrivialOffsetCalculator<1, unsigned int>, at::native::memory::LoadWithoutCast, at::native::memory::StoreWithoutCast>(int, at::native::BUnaryFunctor<double, double, double, at::native::binary_internal::MulFunctor<double> >, std::array<char*, 2ul>, TrivialOffsetCalculator<1, unsigned int>, TrivialOffsetCalculator<1, unsigned int>, at::native::memory::LoadWithoutCast, at::native::memory::StoreWithoutCast)",168.47899997234344,468803.39399968274,microseconds,0.03593809305323789,CUDA profiler-visible event self-time sum
profile-precision5-torch-cuda-l512-torchprofile,torch:cuda:0,torchprofile,"void at::native::vectorized_elementwise_kernel<2, at::native::BUnaryFunctor<double, double, double, at::native::binary_internal::MulFunctor<double> >, std::array<char*, 2ul> >(int, at::native::BUnaryFunctor<double, double, double, at::native::binary_internal::MulFunctor<double> >, std::array<char*, 2ul>)",156.57399998418987,468803.39399968274,microseconds,0.033398648983393626,CUDA profiler-visible event self-time sum
profile-precision5-torch-cuda-l512-torchprofile,torch:cuda:0,torchprofile,"void at::native::vectorized_elementwise_kernel<2, at::native::(anonymous namespace)::complex_kernel_cuda(at::TensorIterator&)::{lambda()#1}::operator()() const::{lambda()#2}::operator()() const::{lambda(float, float)#1}, std::array<char*, 3ul> >(int, at::native::(anonymous namespace)::complex_kernel_cuda(at::TensorIterator&)::{lambda()#1}::operator()() const::{lambda()#2}::operator()() const::{lambda(float, float)#1}, std::array<char*, 3ul>)",152.70299999788404,468803.39399968274,microseconds,0.03257292970835177,CUDA profiler-visible event self-time sum
profile-precision5-torch-cuda-l512-torchprofile,torch:cuda:0,torchprofile,"void at::native::elementwise_kernel<128, 2, at::native::gpu_kernel_impl_nocast<at::native::(anonymous namespace)::pow_tensor_scalar_kernel_impl<double, double>(at::TensorIteratorBase&, double)::{lambda(double)#1}>(at::TensorIteratorBase&, at::native::(anonymous namespace)::pow_tensor_scalar_kernel_impl<double, double>(at::TensorIteratorBase&, double)::{lambda(double)#1} const&)::{lambda(int)#1}>(int, at::native::gpu_kernel_impl_nocast<at::native::(anonymous namespace)::pow_tensor_scalar_kernel_impl<double, double>(at::TensorIteratorBase&, double)::{lambda(double)#1}>(at::TensorIteratorBase&, at::native::(anonymous namespace)::pow_tensor_scalar_kernel_impl<double, double>(at::TensorIteratorBase&, double)::{lambda(double)#1} const&)::{lambda(int)#1})",119.45700000040233,468803.39399968274,microseconds,0.025481257501408613,CUDA profiler-visible event self-time sum
profile-precision5-torch-cuda-l512-torchprofile,torch:cuda:0,torchprofile,Memset (Device),110.11700000055134,468803.39399968274,microseconds,0.023488951106148747,CUDA profiler-visible event self-time sum
profile-precision5-torch-cuda-l512-torchprofile,torch:cuda:0,torchprofile,"void at::native::vectorized_elementwise_kernel<2, at::native::CUDAFunctorOnSelf_add<long>, std::array<char*, 2ul> >(int, at::native::CUDAFunctorOnSelf_add<long>, std::array<char*, 2ul>)",107.48700001090765,468803.39399968274,microseconds,0.02292794834394488,CUDA profiler-visible event self-time sum
profile-precision5-torch-cuda-l512-torchprofile,torch:cuda:0,torchprofile,"void at_cuda_detail::cub::detail::scan::DeviceScanInitKernel<at_cuda_detail::cub::ScanTileState<double, true> >(at_cuda_detail::cub::ScanTileState<double, true>, int)",84.41899997927248,468803.39399968274,microseconds,0.01800733549709105,CUDA profiler-visible event self-time sum
profile-precision5-torch-cuda-l512-torchprofile,torch:cuda:0,torchprofile,"void at::native::unrolled_elementwise_kernel<at::native::BinaryFunctor<c10::complex<float>, c10::complex<float>, c10::complex<float>, at::native::binary_internal::DivFunctor<c10::complex<float> > >, std::array<char*, 3ul>, 4, TrivialOffsetCalculator<2, unsigned int>, TrivialOffsetCalculator<1, unsigned int>, at::native::memory::LoadWithCast<2>, at::native::memory::StoreWithCast<1> >(int, at::native::BinaryFunctor<c10::complex<float>, c10::complex<float>, c10::complex<float>, at::native::binary_internal::DivFunctor<c10::complex<float> > >, std::array<char*, 3ul>, TrivialOffsetCalculator<2, unsigned int>, TrivialOffsetCalculator<1, unsigned int>, at::native::memory::LoadWithCast<2>, at::native::memory::StoreWithCast<1>)",76.32100000232458,468803.39399968274,microseconds,0.01627995892930251,CUDA profiler-visible event self-time sum
profile-precision5-torch-cuda-l512-torchprofile,torch:cuda:0,torchprofile,"void at::native::elementwise_kernel<128, 2, at::native::gpu_kernel_impl_nocast<at::native::direct_copy_kernel_cuda(at::TensorIteratorBase&)::{lambda()#3}::operator()() const::{lambda()#4}::operator()() const::{lambda(long)#1}>(at::TensorIteratorBase&, at::native::direct_copy_kernel_cuda(at::TensorIteratorBase&)::{lambda()#3}::operator()() const::{lambda()#4}::operator()() const::{lambda(long)#1} const&)::{lambda(int)#1}>(int, at::native::gpu_kernel_impl_nocast<at::native::direct_copy_kernel_cuda(at::TensorIteratorBase&)::{lambda()#3}::operator()() const::{lambda()#4}::operator()() const::{lambda(long)#1}>(at::TensorIteratorBase&, at::native::direct_copy_kernel_cuda(at::TensorIteratorBase&)::{lambda()#3}::operator()() const::{lambda()#4}::operator()() const::{lambda(long)#1} const&)::{lambda(int)#1})",66.46400000154972,468803.39399968274,microseconds,0.014177371762286069,CUDA profiler-visible event self-time sum
profile-precision5-torch-cuda-l512-torchprofile,torch:cuda:0,torchprofile,"void preprocess_kernel<double, unsigned int, (loadstore_modifier_t)2>(real_complex_args_t<unsigned int>)",42.721000000834465,468803.39399968274,microseconds,0.00911277532279627,CUDA profiler-visible event self-time sum
profile-precision5-torch-cuda-l512-torchprofile,torch:cuda:0,torchprofile,abs_kernel_kernel,31.23200000077486,468803.39399968274,microseconds,0.0066620678093461064,CUDA profiler-visible event self-time sum
profile-precision5-torch-cuda-l512-torchprofile,torch:cuda:0,torchprofile,"void at::native::elementwise_kernel<128, 2, at::native::gpu_kernel_impl_nocast<at::native::BinaryFunctor<double, double, double, at::native::binary_internal::DivFunctor<double> > >(at::TensorIteratorBase&, at::native::BinaryFunctor<double, double, double, at::native::binary_internal::DivFunctor<double> > const&)::{lambda(int)#1}>(int, at::native::gpu_kernel_impl_nocast<at::native::BinaryFunctor<double, double, double, at::native::binary_internal::DivFunctor<double> > >(at::TensorIteratorBase&, at::native::BinaryFunctor<double, double, double, at::native::binary_internal::DivFunctor<double> > const&)::{lambda(int)#1})",18.2079999987036,468803.39399968274,microseconds,0.003883930925362695,CUDA profiler-visible event self-time sum
profile-precision5-torch-cuda-l512-torchprofile,torch:cuda:0,torchprofile,"void at::native::unrolled_elementwise_kernel<at::native::FillFunctor<c10::complex<double> >, std::array<char*, 1ul>, 4, TrivialOffsetCalculator<0, unsigned int>, TrivialOffsetCalculator<1, unsigned int>, at::native::memory::LoadWithoutCast, at::native::memory::StoreWithoutCast>(int, at::native::FillFunctor<c10::complex<double> >, std::array<char*, 1ul>, TrivialOffsetCalculator<0, unsigned int>, TrivialOffsetCalculator<1, unsigned int>, at::native::memory::LoadWithoutCast, at::native::memory::StoreWithoutCast)",15.679999999701977,468803.39399968274,microseconds,0.0033446856828243414,CUDA profiler-visible event self-time sum
profile-precision5-torch-cuda-l512-torchprofile,torch:cuda:0,torchprofile,"void at::native::unrolled_elementwise_kernel<at::native::BinaryFunctor<c10::complex<double>, c10::complex<double>, c10::complex<double>, at::native::binary_internal::MulFunctor<c10::complex<double> > >, std::array<char*, 3ul>, 4, TrivialOffsetCalculator<2, unsigned int>, TrivialOffsetCalculator<1, unsigned int>, at::native::memory::LoadWithoutCast, at::native::memory::StoreWithoutCast>(int, at::native::BinaryFunctor<c10::complex<double>, c10::complex<double>, c10::complex<double>, at::native::binary_internal::MulFunctor<c10::complex<double> > >, std::array<char*, 3ul>, TrivialOffsetCalculator<2, unsigned int>, TrivialOffsetCalculator<1, unsigned int>, at::native::memory::LoadWithoutCast, at::native::memory::StoreWithoutCast)",12.031999999657273,468803.39399968274,microseconds,0.00256653431985721,CUDA profiler-visible event self-time sum
profile-precision5-torch-cuda-l512-torchprofile,torch:cuda:0,torchprofile,"void at::native::unrolled_elementwise_kernel<at::native::direct_copy_kernel_cuda(at::TensorIteratorBase&)::{lambda()#3}::operator()() const::{lambda()#8}::operator()() const::{lambda(c10::complex<double>)#1}, std::array<char*, 2ul>, 4, TrivialOffsetCalculator<1, unsigned int>, TrivialOffsetCalculator<1, unsigned int>, at::native::memory::LoadWithCast<1>, at::native::memory::StoreWithCast<1> >(int, at::native::direct_copy_kernel_cuda(at::TensorIteratorBase&)::{lambda()#3}::operator()() const::{lambda()#8}::operator()() const::{lambda(c10::complex<double>)#1}, std::array<char*, 2ul>, TrivialOffsetCalculator<1, unsigned int>, TrivialOffsetCalculator<1, unsigned int>, at::native::memory::LoadWithCast<1>, at::native::memory::StoreWithCast<1>)",10.240000000223517,468803.39399968274,microseconds,0.0021842845276479478,CUDA profiler-visible event self-time sum
profile-precision5-torch-cuda-l512-torchprofile,torch:cuda:0,torchprofile,"void at::native::unrolled_elementwise_kernel<at::native::conj_kernel_cuda(at::TensorIteratorBase&)::{lambda()#2}::operator()() const::{lambda()#11}::operator()() const::{lambda(c10::complex<double>)#1}, std::array<char*, 2ul>, 4, TrivialOffsetCalculator<1, unsigned int>, TrivialOffsetCalculator<1, unsigned int>, at::native::memory::LoadWithoutCast, at::native::memory::StoreWithoutCast>(int, at::native::conj_kernel_cuda(at::TensorIteratorBase&)::{lambda()#2}::operator()() const::{lambda()#11}::operator()() const::{lambda(c10::complex<double>)#1}, std::array<char*, 2ul>, TrivialOffsetCalculator<1, unsigned int>, TrivialOffsetCalculator<1, unsigned int>, at::native::memory::LoadWithoutCast, at::native::memory::StoreWithoutCast)",10.048000000417233,468803.39399968274,microseconds,0.002143329192796764,CUDA profiler-visible event self-time sum
profile-precision5-torch-cuda-l512-torchprofile,torch:cuda:0,torchprofile,"void at::native::vectorized_elementwise_kernel<2, at::native::reciprocal_kernel_cuda(at::TensorIteratorBase&)::{lambda()#1}::operator()() const::{lambda()#1}::operator()() const::{lambda(double)#1}, std::array<char*, 2ul> >(int, at::native::reciprocal_kernel_cuda(at::TensorIteratorBase&)::{lambda()#1}::operator()() const::{lambda()#1}::operator()() const::{lambda(double)#1}, std::array<char*, 2ul>)",9.919999999925494,468803.39399968274,microseconds,0.0021160256360968684,CUDA profiler-visible event self-time sum
profile-precision5-torch-cuda-l512-torchprofile,torch:cuda:0,torchprofile,"void at::native::elementwise_kernel<128, 2, at::native::gpu_kernel_impl_nocast<at::native::BUnaryFunctor<double, double, double, at::native::binary_internal::MulFunctor<double> > >(at::TensorIteratorBase&, at::native::BUnaryFunctor<double, double, double, at::native::binary_internal::MulFunctor<double> > const&)::{lambda(int)#1}>(int, at::native::gpu_kernel_impl_nocast<at::native::BUnaryFunctor<double, double, double, at::native::binary_internal::MulFunctor<double> > >(at::TensorIteratorBase&, at::native::BUnaryFunctor<double, double, double, at::native::binary_internal::MulFunctor<double> > const&)::{lambda(int)#1})",6.592000000178814,468803.39399968274,microseconds,0.001406133164680816,CUDA profiler-visible event self-time sum
profile-precision5-torch-cuda-l512-torchprofile,torch:cuda:0,torchprofile,"void at::native::elementwise_kernel<128, 2, at::native::gpu_kernel_impl_nocast<at::native::direct_copy_kernel_cuda(at::TensorIteratorBase&)::{lambda()#3}::operator()() const::{lambda()#6}::operator()() const::{lambda(double)#1}>(at::TensorIteratorBase&, at::native::direct_copy_kernel_cuda(at::TensorIteratorBase&)::{lambda()#3}::operator()() const::{lambda()#6}::operator()() const::{lambda(double)#1} const&)::{lambda(int)#1}>(int, at::native::gpu_kernel_impl_nocast<at::native::direct_copy_kernel_cuda(at::TensorIteratorBase&)::{lambda()#3}::operator()() const::{lambda()#6}::operator()() const::{lambda(double)#1}>(at::TensorIteratorBase&, at::native::direct_copy_kernel_cuda(at::TensorIteratorBase&)::{lambda()#3}::operator()() const::{lambda()#6}::operator()() const::{lambda(double)#1} const&)::{lambda(int)#1})",6.496999999508262,468803.39399968274,microseconds,0.0013858688061274271,CUDA profiler-visible event self-time sum
profile-precision5-torch-cuda-l512-torchprofile,torch:cuda:0,torchprofile,"void at::native::elementwise_kernel<128, 2, at::native::gpu_kernel_impl_nocast<at::native::BinaryFunctor<float, float, float, at::native::binary_internal::DivFunctor<float> > >(at::TensorIteratorBase&, at::native::BinaryFunctor<float, float, float, at::native::binary_internal::DivFunctor<float> > const&)::{lambda(int)#1}>(int, at::native::gpu_kernel_impl_nocast<at::native::BinaryFunctor<float, float, float, at::native::binary_internal::DivFunctor<float> > >(at::TensorIteratorBase&, at::native::BinaryFunctor<float, float, float, at::native::binary_internal::DivFunctor<float> > const&)::{lambda(int)#1})",6.143999999389052,468803.39399968274,microseconds,0.001310570716429841,CUDA profiler-visible event self-time sum
profile-precision5-torch-cuda-l512-torchprofile,torch:cuda:0,torchprofile,"void at::native::vectorized_elementwise_kernel<2, at::native::floor_kernel_cuda(at::TensorIteratorBase&)::{lambda()#1}::operator()() const::{lambda()#1}::operator()() const::{lambda(double)#1}, std::array<char*, 2ul> >(int, at::native::floor_kernel_cuda(at::TensorIteratorBase&)::{lambda()#1}::operator()() const::{lambda()#1}::operator()() const::{lambda(double)#1}, std::array<char*, 2ul>)",5.504000000655651,468803.39399968274,microseconds,0.001174052933725001,CUDA profiler-visible event self-time sum
profile-precision5-torch-cuda-l512-torchprofile,torch:cuda:0,torchprofile,"void at::native::vectorized_elementwise_kernel<2, at::native::CUDAFunctorOnSelf_add<double>, std::array<char*, 2ul> >(int, at::native::CUDAFunctorOnSelf_add<double>, std::array<char*, 2ul>)",2.880000000819564,468803.39399968274,microseconds,0.0006143300235623961,CUDA profiler-visible event self-time sum
profile-precision5-torch-cuda-l512-torchprofile,torch:cuda:0,torchprofile,"void at::native::unrolled_elementwise_kernel<at::native::CUDAFunctor_add<double>, std::array<char*, 3ul>, 4, TrivialOffsetCalculator<2, unsigned int>, TrivialOffsetCalculator<1, unsigned int>, at::native::memory::LoadWithoutCast, at::native::memory::StoreWithoutCast>(int, at::native::CUDAFunctor_add<double>, std::array<char*, 3ul>, TrivialOffsetCalculator<2, unsigned int>, TrivialOffsetCalculator<1, unsigned int>, at::native::memory::LoadWithoutCast, at::native::memory::StoreWithoutCast)",2.1759999990463257,468803.39399968274,microseconds,0.0004641604619116299,CUDA profiler-visible event self-time sum
