case,backend,mode,scheme,source,wall_seconds,templates,valid_detector_seconds,capacity_templates_per_host_core,triggers,peak_rss_mib,internal_seconds,setup_fraction
original-cpu-r1,original-cpu,timing,cpu:1,40e94792b3edf59f39b18b65102b28a4f74433a7,29.29989835107699,96,1904.0,6238.383417233982,477,754.75,26.497183561325073,0.5451588447267852
torch-cpu-r1,torch-cpu,timing,torch:cpu:1,a4d77a6d1863c0515e8dace64c5609b63d40b51e,44.415079580037855,96,1904.0,4115.359056615343,475,1204.6796875,39.904258489608765,0.3769036819616655
torch-cuda-r1,torch-cuda,timing,torch:cuda:0,a4d77a6d1863c0515e8dace64c5609b63d40b51e,20.307194225024432,96,1904.0,9000.948037161943,475,1468.859375,15.678944110870361,0.8564264171099478
torch-cpu-r2,torch-cpu,timing,torch:cpu:1,a4d77a6d1863c0515e8dace64c5609b63d40b51e,44.4061949190218,96,1904.0,4116.182445564657,475,1204.7578125,39.85152840614319,0.3762885573791235
torch-cuda-r2,torch-cuda,timing,torch:cuda:0,a4d77a6d1863c0515e8dace64c5609b63d40b51e,20.200899012037553,96,1904.0,9048.310171298835,475,1469.3984375,15.57155442237854,0.8568340900798176
original-cpu-r2,original-cpu,timing,cpu:1,40e94792b3edf59f39b18b65102b28a4f74433a7,29.26941716892179,96,1904.0,6244.880072093806,477,754.8671875,26.478229522705078,0.5462554056563583
torch-cuda-r3,torch-cuda,timing,torch:cuda:0,a4d77a6d1863c0515e8dace64c5609b63d40b51e,20.19972917600535,96,1904.0,9048.834190169422,475,1468.85546875,15.57554006576538,0.8563683871752855
original-cpu-r3,original-cpu,timing,cpu:1,40e94792b3edf59f39b18b65102b28a4f74433a7,29.33310949197039,96,1904.0,6231.320278200818,477,754.8828125,26.542364835739136,0.5448859652748139
torch-cpu-r3,torch-cpu,timing,torch:cpu:1,a4d77a6d1863c0515e8dace64c5609b63d40b51e,44.45364869595505,96,1904.0,4111.788466457917,475,1203.6953125,39.94825339317322,0.3784339289568348
