shape,n,npoints,dtype,variant,median_ms,q25_ms,q75_ms
short,4096,1,complex64,base,0.017048465088009834,0.017008705375095207,0.017058469044665497
short,4096,1,complex64,malloc,0.018580669226745766,0.018538635534544785,0.018625101074576378
short,4096,1,complex64,malloc1,0.01989716353515784,0.019734872815509636,0.019955604026714962
short,4096,1,complex64,cache,0.02025382903714975,0.02007650521894296,0.020265866381426655
short,4096,1,complex64,numpy,0.02063590412338575,0.020576765139897667,0.020676300240059696
short,4096,2,complex64,base,0.017809898902972538,0.0177794989819328,0.01795350108295679
short,4096,2,complex64,malloc,0.023157995504637558,0.02311822803070148,0.023210071958601475
short,4096,2,complex64,malloc1,0.02145643811672926,0.021416701686879,0.02149050123989582
short,4096,2,complex64,cache,0.021873561975856624,0.02182212968667348,0.021901261061429977
short,4096,2,complex64,numpy,0.022227860366304714,0.022003465952972572,0.022270965079466503
short,4096,5,complex64,base,0.024706567637622356,0.024451098094383877,0.02525960250447194
short,4096,5,complex64,malloc,0.03455913780877987,0.03421713287631671,0.03477119995901982
short,4096,5,complex64,malloc1,0.03888730425387621,0.038458833781381443,0.03910267259925604
short,4096,5,complex64,cache,0.03938757193585237,0.0390826336418589,0.0399526363859574
short,4096,5,complex64,numpy,0.03989953547716141,0.03981337261696657,0.040279600458840534
short,4096,1,complex128,base,0.018026299464205902,0.017950800247490406,0.019966973923146725
short,4096,1,complex128,malloc,0.018276801953713097,0.018147534380356472,0.01857033154616753
short,4096,1,complex128,malloc1,0.021017932643493015,0.020524331678946812,0.02344416764875253
short,4096,1,complex128,cache,0.021103094331920147,0.021060695871710777,0.021140199775497116
short,4096,1,complex128,numpy,0.021873895699779194,0.021555266963938873,0.022789634143312774
short,4096,2,complex128,base,0.02110913240661224,0.02103196457028389,0.02128579653799534
short,4096,2,complex128,malloc,0.022047199308872223,0.02185586684693893,0.022436267075439296
short,4096,2,complex128,malloc1,0.02189560327678919,0.021587366548677288,0.022255931980907917
short,4096,2,complex128,cache,0.022583897225558758,0.02255217016985019,0.023235466020802658
short,4096,2,complex128,numpy,0.023456236037115254,0.023091499072810016,0.023713366438945133
short,4096,5,complex128,base,0.0311547036593159,0.031071567597488563,0.03118676443894704
short,4096,5,complex128,malloc,0.03143323119729757,0.031371437944471836,0.03145659963289897
short,4096,5,complex128,malloc1,0.038500564793745674,0.03845413060237964,0.03854030122359594
short,4096,5,complex128,cache,0.04011959924052159,0.040101228902737304,0.040166700879732765
short,4096,5,complex128,numpy,0.040622567757964134,0.0405624353637298,0.040722397776941456
uniform,1048576,1,complex64,base,2.6387430261820555,2.626935951411724,2.6413779705762863
uniform,1048576,1,complex64,malloc,2.6237600250169635,2.622361993417144,2.6243210304528475
uniform,1048576,1,complex64,malloc1,3.2213954254984856,3.221014980226755,3.2222025329247117
uniform,1048576,1,complex64,cache,3.2231694785878062,3.222212428227067,3.228168934583664
uniform,1048576,1,complex64,numpy,3.2212405931204557,3.219968522898853,3.221681574359536
uniform,1048576,2,complex64,base,2.3752159904688597,2.3731425171718,2.376969438046217
uniform,1048576,2,complex64,malloc,3.3473779913038015,3.345349454320967,3.348660538904369
uniform,1048576,2,complex64,malloc1,3.3670355333015323,3.365322481840849,3.3683229703456163
uniform,1048576,2,complex64,cache,3.366409451700747,3.3636840526014566,3.368688514456153
uniform,1048576,2,complex64,numpy,3.364064497873187,3.3635339932516217,3.3656975720077753
uniform,1048576,5,complex64,base,3.4938494209200144,3.4926969092339277,3.494380507618189
uniform,1048576,5,complex64,malloc,5.598956486210227,5.598044954240322,5.6009499821811914
uniform,1048576,5,complex64,malloc1,7.193942554295063,7.193506462499499,7.196472492069006
uniform,1048576,5,complex64,cache,7.133929058909416,7.129816571250558,7.138132001273334
uniform,1048576,5,complex64,numpy,7.134540472179651,7.130227517336607,7.1404369082301855
uniform,1048576,1,complex128,base,2.357492921873927,2.355038421228528,2.3595719831064343
uniform,1048576,1,complex128,malloc,2.2761294385418296,2.275363076478243,2.280087093822658
uniform,1048576,1,complex128,malloc1,3.280582488514483,3.275097464211285,3.286969498731196
uniform,1048576,1,complex128,cache,3.2981405965983868,3.295355010777712,3.299943986348808
uniform,1048576,1,complex128,numpy,3.2905314583331347,3.2855719327926636,3.294488531537354
uniform,1048576,2,complex128,base,3.056830959394574,3.056539921090007,3.0576575081795454
uniform,1048576,2,complex128,malloc,3.1543044606223702,3.152400953695178,3.155336482450366
uniform,1048576,2,complex128,malloc1,3.3075379906222224,3.305499558337033,3.3085199538618326
uniform,1048576,2,complex128,cache,3.3094020327553153,3.3084950409829617,3.3126979833468795
uniform,1048576,2,complex128,numpy,3.320633084513247,3.3158339792862535,3.322646487504244
uniform,1048576,5,complex128,base,5.115094478242099,5.114413448609412,5.123125039972365
uniform,1048576,5,complex128,malloc,5.022971541620791,5.021599004976451,5.025260499678552
uniform,1048576,5,complex128,malloc1,7.068911916576326,7.065420504659414,7.071501458995044
uniform,1048576,5,complex128,cache,7.074021501466632,7.072303560562432,7.08131049759686
uniform,1048576,5,complex128,numpy,7.072032545693219,7.0696985349059105,7.072724518366158
captured,1048576,1,complex64,base,2.3563960567116737,2.3210489889606833,2.358895493671298
captured,1048576,1,complex64,malloc,2.324566012248397,2.324070082977414,2.3254980333149433
captured,1048576,1,complex64,malloc1,3.1262015691027045,3.1258210074156523,3.127153031527996
captured,1048576,1,complex64,cache,3.12656257301569,3.1257609371095896,3.1276195077225566
captured,1048576,1,complex64,numpy,3.127494012005627,3.1264069257304072,3.1284504802897573
captured,1048576,2,complex64,base,2.3081450490280986,2.3057154612615705,2.3101335391402245
captured,1048576,2,complex64,malloc,3.2497445354238153,3.246342996135354,3.2501399982720613
captured,1048576,2,complex64,malloc1,3.267247579060495,3.2650934299454093,3.2696520211175084
captured,1048576,2,complex64,cache,3.265994950197637,3.2653689850121737,3.2677334966138005
captured,1048576,2,complex64,numpy,3.267578431405127,3.2658299896866083,3.2678483985364437
captured,1048576,5,complex64,base,3.574936999939382,3.5738000879064202,3.5779729951173067
captured,1048576,5,complex64,malloc,5.438694963231683,5.436435458250344,5.43915550224483
captured,1048576,5,complex64,malloc1,6.985074025578797,6.9845980033278465,6.986877415329218
captured,1048576,5,complex64,cache,6.923668552190065,6.920327083207667,6.9256320130079985
captured,1048576,5,complex64,numpy,6.9241790333762765,6.920427083969116,6.9302310002967715
captured,1048576,1,complex128,base,2.289704978466034,2.2872454719617963,2.291377983056009
captured,1048576,1,complex128,malloc,2.2142829839140177,2.2136864718049765,2.220805501565337
captured,1048576,1,complex128,malloc1,3.1861199531704187,3.1782794976606965,3.1886245124042034
captured,1048576,1,complex128,cache,3.199154045432806,3.1912190606817603,3.200416569598019
captured,1048576,1,complex128,numpy,3.2000455539673567,3.1896360451355577,3.203683067113161
captured,1048576,2,complex128,base,2.970212488435209,2.96747253742069,2.9719159938395023
captured,1048576,2,complex128,malloc,3.0619155149906874,3.061243914999068,3.064154996536672
captured,1048576,2,complex128,malloc1,3.208321053534746,3.2051604939624667,3.212233423255384
captured,1048576,2,complex128,cache,3.213460906408727,3.2102649565786123,3.213812015019357
captured,1048576,2,complex128,numpy,3.22013848926872,3.2193975057452917,3.2210753997787833
captured,1048576,5,complex128,base,4.967321525327861,4.96646948158741,4.970046458765864
captured,1048576,5,complex128,malloc,4.873689962550998,4.872382502071559,4.874901962466538
captured,1048576,5,complex128,malloc1,6.860118475742638,6.857268512248993,6.862107547931373
captured,1048576,5,complex128,cache,6.862187525257468,6.861205562017858,6.8634344497695565
captured,1048576,5,complex128,numpy,6.866069510579109,6.861310917884111,6.8687599850818515
wide,4194304,1,complex64,base,12.439037556760013,12.432179995812476,12.448370456695557
wide,4194304,1,complex64,malloc,12.350090080872178,12.336224084720016,12.351527577266097
wide,4194304,1,complex64,malloc1,12.866808916442096,12.865226017311215,12.873751926235855
wide,4194304,1,complex64,cache,12.86677352618426,12.86425453145057,12.872399063780904
wide,4194304,1,complex64,numpy,12.867605546489358,12.86582206375897,12.880810420028865
wide,4194304,2,complex64,base,9.4904659781605,9.485065471380949,9.49591095559299
wide,4194304,2,complex64,malloc,13.366034487262368,13.365298509597778,13.376504415646195
wide,4194304,2,complex64,malloc1,13.445844990201294,13.442829949781299,13.450058060698211
wide,4194304,2,complex64,cache,13.438166002742946,13.433898100629449,13.440459966659546
wide,4194304,2,complex64,numpy,13.435731059871614,13.432885520160198,13.436307548545301
wide,4194304,5,complex64,base,13.94379895646125,13.940352480858564,13.947756495326757
wide,4194304,5,complex64,malloc,22.375815082341433,22.368461010046303,22.379271453246474
wide,4194304,5,complex64,malloc1,28.75770698301494,28.743696049787104,28.760383022017777
wide,4194304,5,complex64,cache,28.497712453827262,28.493219520896673,28.505642083473504
wide,4194304,5,complex64,numpy,28.49161601625383,28.48453796468675,28.49937556311488
wide,4194304,1,complex128,base,15.497497050091624,15.484382514841855,15.502816997468472
wide,4194304,1,complex128,malloc,9.179114480502903,9.168609511107206,9.198977029882371
wide,4194304,1,complex128,malloc1,13.136467547155917,13.134378474205732,13.141862582415342
wide,4194304,1,complex128,cache,13.164104544557631,13.161189504899085,13.169629964977503
wide,4194304,1,complex128,numpy,13.192523503676057,13.185905991122127,13.196866493672132
wide,4194304,2,complex128,base,12.251449981704354,12.237968971021473,12.26684357970953
wide,4194304,2,complex128,malloc,12.639224994927645,12.620605528354645,12.645327020436525
wide,4194304,2,complex128,malloc1,13.238569954410195,13.224779046140611,13.267108472064137
wide,4194304,2,complex128,cache,13.244160450994968,13.232884462922812,13.278189930133522
wide,4194304,2,complex128,numpy,13.28456704504788,13.27526441309601,13.312614522874355
wide,4194304,5,complex128,base,20.46383696142584,20.461122039705515,20.50110255368054
wide,4194304,5,complex128,malloc,20.08064999245107,20.07817046251148,20.111714024096727
wide,4194304,5,complex128,malloc1,28.289020410738885,28.270540526136756,28.294410556554794
wide,4194304,5,complex128,cache,28.301248443312943,28.283354942686856,28.31226901616901
wide,4194304,5,complex128,numpy,28.287812951020896,28.26404303777963,28.348693042062223
