case,mode,scheme,segment_length,start_pad,end_pad,templates,segments_per_template,fft_samples,valid_data_seconds,total_template_seconds,qualification,source_phase,source_commit,allocated_cpu_cores,wall_seconds,templates_per_core_at_real_time,internal_runtime_seconds,internal_setup_seconds,internal_postsetup_seconds,peak_rss_mib,user_cpu_seconds,system_cpu_seconds,triggers,receipt
qual-selected6-cpu-l512,qualify,cpu:1,512,112,16,96,5,2097152,1904,182784,runs/qual-selected6-cpu-l512/qualification.json,optimized,a4d77a6d1863c0515e8dace64c5609b63d40b51e,1,32.213542811980005,5674.1352873495125,27.790496826171875,15.313591003417969,12.476905822753906,1206.1171875,29.00885,3.193141,475,runs/qual-selected6-cpu-l512/receipt.json
qual-selected6-torch-cpu-l512,qualify,torch:cpu:1,512,112,16,96,5,2097152,1904,182784,runs/qual-selected6-torch-cpu-l512/qualification.json,optimized,a4d77a6d1863c0515e8dace64c5609b63d40b51e,1,44.53818568598945,4103.98396757098,40.049880027770996,15.178753852844238,24.871126174926758,1206.18359375,40.892134,3.63247,475,runs/qual-selected6-torch-cpu-l512/receipt.json
qual-selected6-torch-cuda-l512,qualify,torch:cuda:0,512,112,16,96,5,2097152,1904,182784,runs/qual-selected6-torch-cuda-l512/qualification.json,optimized,a4d77a6d1863c0515e8dace64c5609b63d40b51e,1,20.315124478947837,8997.434408507585,15.684126853942871,13.404088735580444,2.2800381183624263,1474.21875,16.833156000000002,3.469534,475,runs/qual-selected6-torch-cuda-l512/receipt.json
matched-optimized6-cpu-l512-r1,timing,cpu:1,512,112,16,96,5,2097152,1904,182784,runs/qual-selected6-cpu-l512/qualification.json,optimized,a4d77a6d1863c0515e8dace64c5609b63d40b51e,1,32.29689181497088,5659.491973629253,27.782342195510864,15.26550817489624,12.516834020614624,1204.71875,28.999388,3.2624150000000003,475,runs/matched-optimized6-cpu-l512-r1/receipt.json
matched-optimized6-torch-cpu-l512-r1,timing,torch:cpu:1,512,112,16,96,5,2097152,1904,182784,runs/qual-selected6-torch-cpu-l512/qualification.json,optimized,a4d77a6d1863c0515e8dace64c5609b63d40b51e,1,44.540422888007015,4103.777830300227,39.98224973678589,15.135717391967773,24.846532344818115,1204.69140625,40.793159,3.729891,475,runs/matched-optimized6-torch-cpu-l512-r1/receipt.json
matched-optimized6-torch-cuda-l512-r1,timing,torch:cuda:0,512,112,16,96,5,2097152,1904,182784,runs/qual-selected6-torch-cuda-l512/qualification.json,optimized,a4d77a6d1863c0515e8dace64c5609b63d40b51e,1,20.393830954039004,8962.710361380121,15.738375186920166,13.511731624603271,2.2266435623168936,1467.8125,16.76779,3.612079,475,runs/matched-optimized6-torch-cuda-l512-r1/receipt.json
matched-optimized6-torch-cpu-l512-r2,timing,torch:cpu:1,512,112,16,96,5,2097152,1904,182784,runs/qual-selected6-torch-cpu-l512/qualification.json,optimized,a4d77a6d1863c0515e8dace64c5609b63d40b51e,1,44.535408966010436,4104.239845187036,40.000736474990845,15.146563053131104,24.85417342185974,1204.69140625,40.731134,3.761031,475,runs/matched-optimized6-torch-cpu-l512-r2/receipt.json
matched-optimized6-torch-cuda-l512-r2,timing,torch:cuda:0,512,112,16,96,5,2097152,1904,182784,runs/qual-selected6-torch-cuda-l512/qualification.json,optimized,a4d77a6d1863c0515e8dace64c5609b63d40b51e,1,20.318666264996864,8995.866048298825,15.646892309188843,13.396424293518066,2.2504680156707764,1469.203125,16.689053,3.615425,475,runs/matched-optimized6-torch-cuda-l512-r2/receipt.json
matched-optimized6-cpu-l512-r2,timing,cpu:1,512,112,16,96,5,2097152,1904,182784,runs/qual-selected6-cpu-l512/qualification.json,optimized,a4d77a6d1863c0515e8dace64c5609b63d40b51e,1,32.27963670599274,5662.517260179263,27.773310661315918,15.269181489944458,12.50412917137146,1204.68359375,29.063769,3.198346,475,runs/matched-optimized6-cpu-l512-r2/receipt.json
matched-optimized6-torch-cuda-l512-r3,timing,torch:cuda:0,512,112,16,96,5,2097152,1904,182784,runs/qual-selected6-torch-cuda-l512/qualification.json,optimized,a4d77a6d1863c0515e8dace64c5609b63d40b51e,1,20.32140234397957,8994.654842516402,15.636802196502686,13.364545822143555,2.272256374359131,1469.75,16.805229,3.5014209999999997,475,runs/matched-optimized6-torch-cuda-l512-r3/receipt.json
matched-optimized6-cpu-l512-r3,timing,cpu:1,512,112,16,96,5,2097152,1904,182784,runs/qual-selected6-cpu-l512/qualification.json,optimized,a4d77a6d1863c0515e8dace64c5609b63d40b51e,1,32.3885228119907,5643.48059530306,27.903642416000366,15.308691263198853,12.594951152801514,1204.765625,29.129114,3.2186879999999998,475,runs/matched-optimized6-cpu-l512-r3/receipt.json
matched-optimized6-torch-cpu-l512-r3,timing,torch:cpu:1,512,112,16,96,5,2097152,1904,182784,runs/qual-selected6-torch-cpu-l512/qualification.json,optimized,a4d77a6d1863c0515e8dace64c5609b63d40b51e,1,44.56408038799418,4101.59927925368,39.997429609298706,15.13306736946106,24.864362239837646,1204.69140625,40.814827,3.709304,475,runs/matched-optimized6-torch-cpu-l512-r3/receipt.json
profile-optimized6-cpu-l512-cprofile,cprofile,cpu:1,512,112,16,96,5,2097152,1904,182784,runs/qual-selected6-cpu-l512/qualification.json,optimized,a4d77a6d1863c0515e8dace64c5609b63d40b51e,1,35.62956848600879,5130.121069857374,28.21910071372986,15.484005928039553,12.735094785690306,1226.08203125,32.065148,3.518596,475,runs/profile-optimized6-cpu-l512-cprofile/receipt.json
profile-optimized6-cpu-l512-perf,perf,cpu:1,512,112,16,96,5,2097152,1904,182784,runs/qual-selected6-cpu-l512/qualification.json,optimized,a4d77a6d1863c0515e8dace64c5609b63d40b51e,1,35.1520423470065,5199.811669422549,28.21935796737671,15.495116472244263,12.724241495132446,1204.95703125,30.442080999999998,3.963895,475,runs/profile-optimized6-cpu-l512-perf/receipt.json
profile-optimized6-torch-cpu-l512-cprofile,cprofile,torch:cpu:1,512,112,16,96,5,2097152,1904,182784,runs/qual-selected6-torch-cpu-l512/qualification.json,optimized,a4d77a6d1863c0515e8dace64c5609b63d40b51e,1,48.20001680200221,3792.197848205049,40.75381088256836,15.271911144256592,25.48189973831177,1227.9296875,44.170338,3.9647110000000003,475,runs/profile-optimized6-torch-cpu-l512-cprofile/receipt.json
profile-optimized6-torch-cpu-l512-perf,perf,torch:cpu:1,512,112,16,96,5,2097152,1904,182784,runs/qual-selected6-torch-cpu-l512/qualification.json,optimized,a4d77a6d1863c0515e8dace64c5609b63d40b51e,1,47.17565534001915,3874.540770712817,40.70459699630737,15.331062078475952,25.373534917831424,1203.71484375,42.303131,4.700053,475,runs/profile-optimized6-torch-cpu-l512-perf/receipt.json
profile-optimized6-torch-cuda-l512-cprofile,cprofile,torch:cuda:0,512,112,16,96,5,2097152,1904,182784,runs/qual-selected6-torch-cuda-l512/qualification.json,optimized,a4d77a6d1863c0515e8dace64c5609b63d40b51e,1,23.9867934579961,7620.1931833897615,16.362673044204712,13.52367377281189,2.838999271392822,1497.1953125,20.206290999999997,3.750934,475,runs/profile-optimized6-torch-cuda-l512-cprofile/receipt.json
profile-optimized6-torch-cuda-l512-perf,perf,torch:cuda:0,512,112,16,96,5,2097152,1904,182784,runs/qual-selected6-torch-cuda-l512/qualification.json,optimized,a4d77a6d1863c0515e8dace64c5609b63d40b51e,1,23.136649158026557,7900.193271357475,15.860755681991577,13.564388751983643,2.2963669300079346,1468.91015625,18.117818,4.165278000000001,475,runs/profile-optimized6-torch-cuda-l512-perf/receipt.json
profile-optimized6-torch-cuda-l512-torchprofile,torchprofile,torch:cuda:0,512,112,16,96,5,2097152,1904,182784,runs/qual-selected6-torch-cuda-l512/qualification.json,optimized,a4d77a6d1863c0515e8dace64c5609b63d40b51e,1,44.80085127201164,4079.922474914898,16.106990337371826,13.153387546539307,2.953602790832519,2672.234375,39.386679,5.387219,475,runs/profile-optimized6-torch-cuda-l512-torchprofile/receipt.json
